cantonLabel,municipalityLabel,coatOfArmsImage
Canton of Aargau,Aarau,http://commons.wikimedia.org/wiki/Special:FilePath/CHE%20Aarau%20COA.svg
Canton of Aargau,Aarburg,http://commons.wikimedia.org/wiki/Special:FilePath/CHE%20Aarburg%20COA.svg
Canton of Aargau,Abtwil,http://commons.wikimedia.org/wiki/Special:FilePath/CHE%20Abtwil%20AG%20COA.svg
Canton of Aargau,Ammerswil,http://commons.wikimedia.org/wiki/Special:FilePath/CHE%20Ammerswil%20COA.svg
Canton of Aargau,Aristau,http://commons.wikimedia.org/wiki/Special:FilePath/CHE%20Aristau%20COA.svg
Canton of Aargau,Arni,http://commons.wikimedia.org/wiki/Special:FilePath/CHE%20Arni%20AG%20COA.svg
Canton of Aargau,Auenstein,http://commons.wikimedia.org/wiki/Special:FilePath/CHE%20Auenstein%20COA.svg
Canton of Aargau,Auw,http://commons.wikimedia.org/wiki/Special:FilePath/CHE%20Auw%20AG%20COA.svg
Canton of Aargau,Bad Zurzach,http://commons.wikimedia.org/wiki/Special:FilePath/CHE%20Bad%20Zurzach%20COA.svg
Canton of Aargau,Baden,http://commons.wikimedia.org/wiki/Special:FilePath/Coat%20of%20arms%20of%20Baden%20AG.svg
Canton of Aargau,Baldingen,http://commons.wikimedia.org/wiki/Special:FilePath/Wappen%20Baldingen%20AG.svg
Canton of Aargau,Beinwil (Freiamt),http://commons.wikimedia.org/wiki/Special:FilePath/CHE%20Beinwil%20%28Freiamt%29%20COA.svg
Canton of Aargau,Beinwil am See,http://commons.wikimedia.org/wiki/Special:FilePath/CHE%20Beinwil%20am%20See%20COA.svg
Canton of Aargau,Bellikon,http://commons.wikimedia.org/wiki/Special:FilePath/CHE%20Bellikon%20COA.svg
Canton of Aargau,Bergdietikon,http://commons.wikimedia.org/wiki/Special:FilePath/CHE%20Bergdietikon%20COA.svg
Canton of Aargau,Berikon,http://commons.wikimedia.org/wiki/Special:FilePath/CHE%20Berikon%20COA.svg
Canton of Aargau,Besenbüren,http://commons.wikimedia.org/wiki/Special:FilePath/CHE%20Besenb%C3%BCren%20COA.svg
Canton of Aargau,Bettwil,http://commons.wikimedia.org/wiki/Special:FilePath/CHE%20Bettwil%20COA.svg
Canton of Aargau,Biberstein,http://commons.wikimedia.org/wiki/Special:FilePath/CHE%20Biberstein%20COA.svg
Canton of Aargau,Birmenstorf,http://commons.wikimedia.org/wiki/Special:FilePath/CHE%20Birmenstorf%20COA.svg
Canton of Aargau,Birr,http://commons.wikimedia.org/wiki/Special:FilePath/CHE%20Birr%20AG%20COA.svg
Canton of Aargau,Birrhard,http://commons.wikimedia.org/wiki/Special:FilePath/Wappen%20Birrhard.svg
Canton of Aargau,Birrwil,http://commons.wikimedia.org/wiki/Special:FilePath/CHE%20Birrwil%20COA.svg
Canton of Aargau,Boniswil,http://commons.wikimedia.org/wiki/Special:FilePath/Wappen%20Boniswil.svg
Canton of Aargau,Boswil,http://commons.wikimedia.org/wiki/Special:FilePath/CHE%20Boswil%20COA.svg
Canton of Aargau,Bottenwil,http://commons.wikimedia.org/wiki/Special:FilePath/Wappen%20Bottenwil.svg
Canton of Aargau,Bremgarten,http://commons.wikimedia.org/wiki/Special:FilePath/CHE%20Bremgarten%20AG%20COA.svg
Canton of Aargau,Brittnau,http://commons.wikimedia.org/wiki/Special:FilePath/Coat%20of%20arms%20of%20Brittnau.svg
Canton of Aargau,Brugg,http://commons.wikimedia.org/wiki/Special:FilePath/CHE%20Brugg%20COA.svg
Canton of Aargau,Brunegg,http://commons.wikimedia.org/wiki/Special:FilePath/CHE%20Brunegg%20COA.svg
Canton of Aargau,Buchs,http://commons.wikimedia.org/wiki/Special:FilePath/Wappen%20Buchs%20AG.svg
Canton of Aargau,Buttwil,http://commons.wikimedia.org/wiki/Special:FilePath/Wappen%20Buttwil.svg
Canton of Aargau,Böbikon,http://commons.wikimedia.org/wiki/Special:FilePath/Wappen%20B%C3%B6bikon.svg
Canton of Aargau,Böttstein,http://commons.wikimedia.org/wiki/Special:FilePath/CHE%20B%C3%B6ttstein%20COA.svg
Canton of Aargau,Bözberg,http://commons.wikimedia.org/wiki/Special:FilePath/CHE%20B%C3%B6zberg%20COA.svg
Canton of Aargau,Böztal,http://commons.wikimedia.org/wiki/Special:FilePath/CHE%20B%C3%B6ztal%20COA.svg
Canton of Aargau,Bünzen,http://commons.wikimedia.org/wiki/Special:FilePath/Wappen%20B%C3%BCnzen%20AG.svg
Canton of Aargau,Büttikon,http://commons.wikimedia.org/wiki/Special:FilePath/Wappen%20B%C3%BCttikon.svg
Canton of Aargau,Densbüren,http://commons.wikimedia.org/wiki/Special:FilePath/Wappen%20Densb%C3%BCren.svg
Canton of Aargau,Dietwil,http://commons.wikimedia.org/wiki/Special:FilePath/CHE%20Dietwil%20COA.svg
Canton of Aargau,Dintikon,http://commons.wikimedia.org/wiki/Special:FilePath/CHE%20Dintikon%20COA.svg
Canton of Aargau,Dottikon,http://commons.wikimedia.org/wiki/Special:FilePath/Wappen%20Dottikon.svg
Canton of Aargau,Döttingen,http://commons.wikimedia.org/wiki/Special:FilePath/Coat%20of%20arms%20of%20Doettingen%20AG.svg
Canton of Aargau,Dürrenäsch,http://commons.wikimedia.org/wiki/Special:FilePath/Wappen%20D%C3%BCrren%C3%A4sch.svg
Canton of Aargau,Eggenwil,http://commons.wikimedia.org/wiki/Special:FilePath/Wappen%20Eggenwil.svg
Canton of Aargau,Egliswil,http://commons.wikimedia.org/wiki/Special:FilePath/Wappen%20Egliswil.svg
Canton of Aargau,Ehrendingen,http://commons.wikimedia.org/wiki/Special:FilePath/Wappen%20Ehrendingen.svg
Canton of Aargau,Eiken,http://commons.wikimedia.org/wiki/Special:FilePath/Wappen%20Eiken.svg
Canton of Aargau,Endingen,http://commons.wikimedia.org/wiki/Special:FilePath/CHE%20Endingen%20COA.svg
Canton of Aargau,Ennetbaden,http://commons.wikimedia.org/wiki/Special:FilePath/Coat%20of%20arms%20of%20Ennetbaden.svg
Canton of Aargau,Erlinsbach,http://commons.wikimedia.org/wiki/Special:FilePath/CHE%20Erlinsbach%20AG%20COA.svg
Canton of Aargau,Fahrwangen,http://commons.wikimedia.org/wiki/Special:FilePath/CHE%20Fahrwangen%20COA.svg
Canton of Aargau,Fischbach-Göslikon,http://commons.wikimedia.org/wiki/Special:FilePath/CHE%20Fischbach-G%C3%B6slikon%20COA.svg
Canton of Aargau,Fisibach,http://commons.wikimedia.org/wiki/Special:FilePath/CHE%20Fisibach%20COA.svg
Canton of Aargau,Fislisbach,http://commons.wikimedia.org/wiki/Special:FilePath/Coat%20of%20arms%20of%20Fislisbach.svg
Canton of Aargau,Freienwil,http://commons.wikimedia.org/wiki/Special:FilePath/Wappen%20Freienwil.svg
Canton of Aargau,Frick,http://commons.wikimedia.org/wiki/Special:FilePath/Wappen%20Frick%20AG.svg
Canton of Aargau,Full-Reuenthal,http://commons.wikimedia.org/wiki/Special:FilePath/CHE%20Full-Reuenthal%20COA.svg
Canton of Aargau,Gansingen,http://commons.wikimedia.org/wiki/Special:FilePath/Wappen%20Gansingen.svg
Canton of Aargau,Gebenstorf,http://commons.wikimedia.org/wiki/Special:FilePath/Wappen%20Gebenstorf%20AG.svg
Canton of Aargau,Geltwil,http://commons.wikimedia.org/wiki/Special:FilePath/CHE%20Geltwil%20COA.svg
Canton of Aargau,Gipf-Oberfrick,http://commons.wikimedia.org/wiki/Special:FilePath/Wappen%20Gipf-Oberfrick.svg
Canton of Aargau,Gontenschwil,http://commons.wikimedia.org/wiki/Special:FilePath/Wappen%20Gontenschwil.svg
Canton of Aargau,Gränichen,http://commons.wikimedia.org/wiki/Special:FilePath/Wappen%20Gr%C3%A4nichen%20AG.svg
Canton of Aargau,Habsburg,http://commons.wikimedia.org/wiki/Special:FilePath/Wappen%20Habsburg%20AG.svg
Canton of Aargau,Hallwil,http://commons.wikimedia.org/wiki/Special:FilePath/Wappen%20Hallwil.svg
Canton of Aargau,Hausen,http://commons.wikimedia.org/wiki/Special:FilePath/CHE%20Hausen%20AG%20COA.svg
Canton of Aargau,Hellikon,http://commons.wikimedia.org/wiki/Special:FilePath/Wappen%20Hellikon%20AG.svg
Canton of Aargau,Hendschiken,http://commons.wikimedia.org/wiki/Special:FilePath/CHE%20Hendschiken%20COA.svg
Canton of Aargau,Herznach-Ueken,http://commons.wikimedia.org/wiki/Special:FilePath/CHE%20Herznach-Ueken%20COA.svg
Canton of Aargau,Hirschthal,http://commons.wikimedia.org/wiki/Special:FilePath/Wappen%20Hirschthal%20AG.svg
Canton of Aargau,Holderbank,http://commons.wikimedia.org/wiki/Special:FilePath/Wappen%20Holderbank.svg
Canton of Aargau,Holziken,http://commons.wikimedia.org/wiki/Special:FilePath/Coat%20of%20arms%20of%20Holziken.svg
Canton of Aargau,Hunzenschwil,http://commons.wikimedia.org/wiki/Special:FilePath/CHE%20Hunzenschwil%20COA.svg
Canton of Aargau,Hägglingen,http://commons.wikimedia.org/wiki/Special:FilePath/Wappen%20H%C3%A4gglingen.svg
Canton of Aargau,Islisberg,http://commons.wikimedia.org/wiki/Special:FilePath/Wappen%20Islisberg%20AG.svg
Canton of Aargau,Jonen,http://commons.wikimedia.org/wiki/Special:FilePath/Wappen%20Jonen%20AG.svg
Canton of Aargau,Kaiseraugst,http://commons.wikimedia.org/wiki/Special:FilePath/Wappen%20Kaiseraugst%20AG.svg
Canton of Aargau,Kaiserstuhl,http://commons.wikimedia.org/wiki/Special:FilePath/CHE%20Kaiserstuhl%20COA.svg
Canton of Aargau,Kaisten,http://commons.wikimedia.org/wiki/Special:FilePath/Wappen%20Kaisten%20AG.svg
Canton of Aargau,Kallern,http://commons.wikimedia.org/wiki/Special:FilePath/CHE%20Kallern%20COA.svg
Canton of Aargau,Killwangen,http://commons.wikimedia.org/wiki/Special:FilePath/Coat%20of%20arms%20of%20Killwangen.svg
Canton of Aargau,Kirchleerau,http://commons.wikimedia.org/wiki/Special:FilePath/Wappen%20Kirchleerau%20AG.svg
Canton of Aargau,Klingnau,http://commons.wikimedia.org/wiki/Special:FilePath/Wappen%20Klingnau.svg
Canton of Aargau,Koblenz AG,http://commons.wikimedia.org/wiki/Special:FilePath/Wappen%20Koblenz%20AG.svg
Canton of Aargau,Kölliken,http://commons.wikimedia.org/wiki/Special:FilePath/CHE%20K%C3%B6lliken%20COA.svg
Canton of Aargau,Künten,http://commons.wikimedia.org/wiki/Special:FilePath/Wappen%20K%C3%BCnten%20AG.svg
Canton of Aargau,Küttigen,http://commons.wikimedia.org/wiki/Special:FilePath/CHE%20K%C3%BCttigen%20COA.svg
Canton of Aargau,Laufenburg,http://commons.wikimedia.org/wiki/Special:FilePath/Wappen%20Laufenburg%20AG.svg
Canton of Aargau,Leibstadt,http://commons.wikimedia.org/wiki/Special:FilePath/Coat%20of%20arms%20of%20Leibstadt.svg
Canton of Aargau,Leimbach,http://commons.wikimedia.org/wiki/Special:FilePath/Coat%20of%20arms%20of%20Leimbach%20AG.svg
Canton of Aargau,Lengnau,http://commons.wikimedia.org/wiki/Special:FilePath/Wappen%20Lengnau%20AG.svg
Canton of Aargau,Lenzburg,http://commons.wikimedia.org/wiki/Special:FilePath/CHE%20Lenzburg%20COA.svg
Canton of Aargau,Leuggern,http://commons.wikimedia.org/wiki/Special:FilePath/Coat%20of%20arms%20of%20Leuggern.svg
Canton of Aargau,Leutwil,http://commons.wikimedia.org/wiki/Special:FilePath/Wappen%20Leutwil.svg
Canton of Aargau,Lupfig,http://commons.wikimedia.org/wiki/Special:FilePath/Wappen%20Lupfig.svg
Canton of Aargau,Magden,http://commons.wikimedia.org/wiki/Special:FilePath/Wappen%20Magden%20AG.svg
Canton of Aargau,Mandach,http://commons.wikimedia.org/wiki/Special:FilePath/Wappen%20Mandach%20AG.svg
Canton of Aargau,Meisterschwanden,http://commons.wikimedia.org/wiki/Special:FilePath/Coat%20of%20arms%20of%20Meisterschwanden.svg
Canton of Aargau,Mellikon,http://commons.wikimedia.org/wiki/Special:FilePath/CHE%20Mellikon%20COA.svg
Canton of Aargau,Mellingen,http://commons.wikimedia.org/wiki/Special:FilePath/Wappen%20Mellingen%20AG.svg
Canton of Aargau,Menziken,http://commons.wikimedia.org/wiki/Special:FilePath/CHE%20Menziken%20COA.svg
Canton of Aargau,Merenschwand,http://commons.wikimedia.org/wiki/Special:FilePath/CHE%20Merenschwand%20COA.svg
Canton of Aargau,Mettauertal,http://commons.wikimedia.org/wiki/Special:FilePath/CHE%20Mettauertal%20COA.svg
Canton of Aargau,Moosleerau,http://commons.wikimedia.org/wiki/Special:FilePath/Wappen%20Moosleerau%20AG.svg
Canton of Aargau,Muhen,http://commons.wikimedia.org/wiki/Special:FilePath/Wappen%20Muhen%20AG.svg
Canton of Aargau,Mumpf,http://commons.wikimedia.org/wiki/Special:FilePath/Wappen%20Mumpf%20AG.svg
Canton of Aargau,Murgenthal,http://commons.wikimedia.org/wiki/Special:FilePath/Wappen%20Murgenthal%20AG.svg
Canton of Aargau,Muri,http://commons.wikimedia.org/wiki/Special:FilePath/CHE%20Muri%20COA.svg
Canton of Aargau,Mägenwil,http://commons.wikimedia.org/wiki/Special:FilePath/Wappen%20M%C3%A4genwil%20AG.svg
Canton of Aargau,Möhlin,http://commons.wikimedia.org/wiki/Special:FilePath/Wappen%20M%C3%B6hlin%20AG.svg
Canton of Aargau,Mönthal,http://commons.wikimedia.org/wiki/Special:FilePath/Coat%20of%20arms%20of%20Moenthal.svg
Canton of Aargau,Möriken-Wildegg,http://commons.wikimedia.org/wiki/Special:FilePath/CHE%20M%C3%B6riken-Wildegg%20COA.svg
Canton of Aargau,Mühlau,http://commons.wikimedia.org/wiki/Special:FilePath/CHE%20M%C3%BChlau%20AG%20COA.svg
Canton of Aargau,Mülligen,http://commons.wikimedia.org/wiki/Special:FilePath/Muelligen-blason.svg
Canton of Aargau,Münchwilen,http://commons.wikimedia.org/wiki/Special:FilePath/CHE%20M%C3%BCnchwilen%20COA.svg
Canton of Aargau,Neuenhof,http://commons.wikimedia.org/wiki/Special:FilePath/CHE%20Neuenhof%20COA.svg
Canton of Aargau,Niederlenz,http://commons.wikimedia.org/wiki/Special:FilePath/Niederlenz-blason.svg
Canton of Aargau,Niederrohrdorf,http://commons.wikimedia.org/wiki/Special:FilePath/Wappen%20Niederrohrdorf%20AG.svg
Canton of Aargau,Niederwil,http://commons.wikimedia.org/wiki/Special:FilePath/CHE%20Niederwil%20AG%20COA.svg
Canton of Aargau,Oberehrendingen,http://commons.wikimedia.org/wiki/Special:FilePath/CHE%20Oberehrendingen%20COA.svg
Canton of Aargau,Oberentfelden,http://commons.wikimedia.org/wiki/Special:FilePath/Wappen%20Oberentfelden%20AG.svg
Canton of Aargau,Oberhof,http://commons.wikimedia.org/wiki/Special:FilePath/CHE%20Oberhof%20COA.svg
Canton of Aargau,Oberkulm,http://commons.wikimedia.org/wiki/Special:FilePath/Coat%20of%20arms%20of%20Oberkulm.svg
Canton of Aargau,Oberlunkhofen,http://commons.wikimedia.org/wiki/Special:FilePath/CHE%20Oberlunkhofen%20COA.svg
Canton of Aargau,Obermumpf,http://commons.wikimedia.org/wiki/Special:FilePath/Wappen%20Obermumpf%20AG.svg
Canton of Aargau,Oberrohrdorf,http://commons.wikimedia.org/wiki/Special:FilePath/Wappen%20Oberrohrdorf%20AG.svg
Canton of Aargau,Oberrüti,http://commons.wikimedia.org/wiki/Special:FilePath/CHE%20Oberr%C3%BCti%20COA.svg
Canton of Aargau,Obersiggenthal,http://commons.wikimedia.org/wiki/Special:FilePath/Wappen%20Obersiggenthal%20AG.svg
Canton of Aargau,Oberwil-Lieli,http://commons.wikimedia.org/wiki/Special:FilePath/Wappen%20Oberwil-Lieli%20AG.svg
Canton of Aargau,Oeschgen,http://commons.wikimedia.org/wiki/Special:FilePath/Coat%20of%20arms%20of%20Oeschgen.svg
Canton of Aargau,Oftringen,http://commons.wikimedia.org/wiki/Special:FilePath/CHE%20Oftringen%20COA.svg
Canton of Aargau,Olsberg,http://commons.wikimedia.org/wiki/Special:FilePath/Coat%20of%20arms%20of%20Olsberg%20AG.svg
Canton of Aargau,Othmarsingen,http://commons.wikimedia.org/wiki/Special:FilePath/CHE%20Othmarsingen%20COA.svg
Canton of Aargau,Reinach,http://commons.wikimedia.org/wiki/Special:FilePath/Coat%20of%20arms%20of%20Reinach%20AG.svg
Canton of Aargau,Reitnau,http://commons.wikimedia.org/wiki/Special:FilePath/Wappen%20Reitnau%20AG.svg
Canton of Aargau,Rekingen,http://commons.wikimedia.org/wiki/Special:FilePath/CHE%20Rekingen%20COA.svg
Canton of Aargau,Remetschwil,http://commons.wikimedia.org/wiki/Special:FilePath/CHE%20Remetschwil%20COA.svg
Canton of Aargau,Remigen,http://commons.wikimedia.org/wiki/Special:FilePath/Wappen%20Remigen%20AG.svg
Canton of Aargau,Rheinfelden,http://commons.wikimedia.org/wiki/Special:FilePath/CHE%20Rheinfelden%20COA.svg
Canton of Aargau,Rietheim,http://commons.wikimedia.org/wiki/Special:FilePath/CHE%20Rietheim%20COA.svg
Canton of Aargau,Riniken,http://commons.wikimedia.org/wiki/Special:FilePath/Wappen%20Riniken%20AG.svg
Canton of Aargau,Rothrist,http://commons.wikimedia.org/wiki/Special:FilePath/Wappen%20Rothrist%20AG.svg
Canton of Aargau,Rottenschwil,http://commons.wikimedia.org/wiki/Special:FilePath/CHE%20Rottenschwil%20COA.svg
Canton of Aargau,Rudolfstetten-Friedlisberg,http://commons.wikimedia.org/wiki/Special:FilePath/Wappen%20Rudolfstetten%20AG.svg
Canton of Aargau,Rupperswil,http://commons.wikimedia.org/wiki/Special:FilePath/CHE%20Rupperswil%20COA.svg
Canton of Aargau,Rüfenach,http://commons.wikimedia.org/wiki/Special:FilePath/Wappen%20R%C3%BCfenach%20AG.svg
Canton of Aargau,Rümikon,http://commons.wikimedia.org/wiki/Special:FilePath/CHE%20R%C3%BCmikon%20COA.svg
Canton of Aargau,Safenwil,http://commons.wikimedia.org/wiki/Special:FilePath/Wappen%20Safenwil%20AG.svg
Canton of Aargau,Sarmenstorf,http://commons.wikimedia.org/wiki/Special:FilePath/Wappen%20Sarmenstorf%20AG.svg
Canton of Aargau,Schafisheim,http://commons.wikimedia.org/wiki/Special:FilePath/CHE%20Schafisheim%20COA.svg
Canton of Aargau,Schinznach,http://commons.wikimedia.org/wiki/Special:FilePath/CHE%20Schinznach%20COA.svg
Canton of Aargau,Schinznach-Bad,http://commons.wikimedia.org/wiki/Special:FilePath/CHE%20Schinznach-Bad%20COA.svg
Canton of Aargau,Schinznach-Dorf,http://commons.wikimedia.org/wiki/Special:FilePath/CHE%20Schinznach-Dorf%20COA.svg
Canton of Aargau,Schlossrued,http://commons.wikimedia.org/wiki/Special:FilePath/CHE%20Schlossrued%20COA.svg
Canton of Aargau,Schmiedrued,http://commons.wikimedia.org/wiki/Special:FilePath/CHE%20Schmiedrued%20COA.svg
Canton of Aargau,Schneisingen,http://commons.wikimedia.org/wiki/Special:FilePath/Coat%20of%20arms%20of%20Schneisingen.svg
Canton of Aargau,Schupfart,http://commons.wikimedia.org/wiki/Special:FilePath/Schupfart-blason.svg
Canton of Aargau,Schwaderloch,http://commons.wikimedia.org/wiki/Special:FilePath/Coat%20of%20arms%20of%20Schwaderloch.svg
Canton of Aargau,Schöftland,http://commons.wikimedia.org/wiki/Special:FilePath/Coat%20of%20arms%20of%20Schoeftland.svg
Canton of Aargau,Seengen,http://commons.wikimedia.org/wiki/Special:FilePath/CHE%20Seengen%20COA.svg
Canton of Aargau,Seon,http://commons.wikimedia.org/wiki/Special:FilePath/CHE%20Seon%20COA.svg
Canton of Aargau,Siglistorf,http://commons.wikimedia.org/wiki/Special:FilePath/CHE%20Siglistorf%20COA.svg
Canton of Aargau,Sins,http://commons.wikimedia.org/wiki/Special:FilePath/CHE%20Sins%20COA.svg
Canton of Aargau,Sisseln,http://commons.wikimedia.org/wiki/Special:FilePath/CHE%20Sisseln%20COA.svg
Canton of Aargau,Spreitenbach,http://commons.wikimedia.org/wiki/Special:FilePath/CHE%20Spreitenbach%20COA.svg
Canton of Aargau,Staffelbach,http://commons.wikimedia.org/wiki/Special:FilePath/Wappen%20Staffelbach%20AG.svg
Canton of Aargau,Staufen,http://commons.wikimedia.org/wiki/Special:FilePath/CHE%20Staufen%20COA.svg
Canton of Aargau,Stein,http://commons.wikimedia.org/wiki/Special:FilePath/CHE%20Stein%20COA.svg
Canton of Aargau,Stetten,http://commons.wikimedia.org/wiki/Special:FilePath/Coat%20of%20arms%20of%20Stetten%20AG.svg
Canton of Aargau,Strengelbach,http://commons.wikimedia.org/wiki/Special:FilePath/Wappen%20Strengelbach%20AG.svg
Canton of Aargau,Suhr,http://commons.wikimedia.org/wiki/Special:FilePath/Wappen%20Suhr%20AG.svg
Canton of Aargau,Tegerfelden,http://commons.wikimedia.org/wiki/Special:FilePath/CHE%20Tegerfelden%20COA.svg
Canton of Aargau,Teufenthal,http://commons.wikimedia.org/wiki/Special:FilePath/Coat%20of%20arms%20of%20Teufenthal.svg
Canton of Aargau,Thalheim,http://commons.wikimedia.org/wiki/Special:FilePath/Wappen%20Thalheim%20AG.svg
Canton of Aargau,Tägerig,http://commons.wikimedia.org/wiki/Special:FilePath/Wappen%20T%C3%A4gerig%20AG.svg
Canton of Aargau,Uerkheim,http://commons.wikimedia.org/wiki/Special:FilePath/Coat%20of%20arms%20of%20Uerkheim.svg
Canton of Aargau,Uezwil,http://commons.wikimedia.org/wiki/Special:FilePath/Wappen%20Uezwil%20AG.svg
Canton of Aargau,Unterentfelden,http://commons.wikimedia.org/wiki/Special:FilePath/Wappen%20Unterentfelden.svg
Canton of Aargau,Unterkulm,http://commons.wikimedia.org/wiki/Special:FilePath/Coat%20of%20arms%20of%20Unterkulm.svg
Canton of Aargau,Unterlunkhofen,http://commons.wikimedia.org/wiki/Special:FilePath/Coat%20of%20arms%20of%20Unterlunkhofen.svg
Canton of Aargau,Untersiggenthal,http://commons.wikimedia.org/wiki/Special:FilePath/Wappen%20Untersiggenthal%20AG.svg
Canton of Aargau,Veltheim,http://commons.wikimedia.org/wiki/Special:FilePath/Wappen%20Veltheim%20AG.svg
Canton of Aargau,Villigen,http://commons.wikimedia.org/wiki/Special:FilePath/CHE%20Villigen%20COA.svg
Canton of Aargau,Villmergen,http://commons.wikimedia.org/wiki/Special:FilePath/CHE%20Villmergen%20COA.svg
Canton of Aargau,Villnachern,http://commons.wikimedia.org/wiki/Special:FilePath/Wappen%20Villnachern%20AG.svg
Canton of Aargau,Vordemwald,http://commons.wikimedia.org/wiki/Special:FilePath/Wappen%20Vordemwald%20AG.svg
Canton of Aargau,Wallbach,http://commons.wikimedia.org/wiki/Special:FilePath/Wappen%20Wallbach%20AG.svg
Canton of Aargau,Waltenschwil,http://commons.wikimedia.org/wiki/Special:FilePath/CHE%20Waltenschwil%20COA.svg
Canton of Aargau,Wegenstetten,http://commons.wikimedia.org/wiki/Special:FilePath/Wappen%20Wegenstetten%20AG.svg
Canton of Aargau,Wettingen,http://commons.wikimedia.org/wiki/Special:FilePath/Wappen%20Wettingen%20AG.svg
Canton of Aargau,Widen,http://commons.wikimedia.org/wiki/Special:FilePath/Wappen%20Widen%20AG.svg
Canton of Aargau,Wiliberg,http://commons.wikimedia.org/wiki/Special:FilePath/Wappen%20Wiliberg%20AG.svg
Canton of Aargau,Windisch,http://commons.wikimedia.org/wiki/Special:FilePath/Wappen%20Windisch%20AG.svg
Canton of Aargau,Wislikofen,http://commons.wikimedia.org/wiki/Special:FilePath/CHE%20Wislikofen%20COA.svg
Canton of Aargau,Wittnau,http://commons.wikimedia.org/wiki/Special:FilePath/CHE%20Wittnau%20COA.svg
Canton of Aargau,Wohlen,http://commons.wikimedia.org/wiki/Special:FilePath/Coat%20of%20arms%20of%20Wohlen%20AG.svg
Canton of Aargau,Wohlenschwil,http://commons.wikimedia.org/wiki/Special:FilePath/CHE%20Wohlenschwil%20COA.svg
Canton of Aargau,Wölflinswil,http://commons.wikimedia.org/wiki/Special:FilePath/CHE%20W%C3%B6lflinswil%20COA.svg
Canton of Aargau,Würenlingen,http://commons.wikimedia.org/wiki/Special:FilePath/CHE%20W%C3%BCrenlingen%20COA.svg
Canton of Aargau,Würenlos,http://commons.wikimedia.org/wiki/Special:FilePath/CHE%20W%C3%BCrenlos%20COA.svg
Canton of Aargau,Zeihen,http://commons.wikimedia.org/wiki/Special:FilePath/CHE%20Zeihen%20COA.svg
Canton of Aargau,Zeiningen,http://commons.wikimedia.org/wiki/Special:FilePath/CHE%20Zeiningen%20COA.svg
Canton of Aargau,Zetzwil,http://commons.wikimedia.org/wiki/Special:FilePath/CHE%20Zetzwil%20COA.svg
Canton of Aargau,Zofingen,http://commons.wikimedia.org/wiki/Special:FilePath/Wappen%20Zofingen%20AG.svg
Canton of Aargau,Zufikon,http://commons.wikimedia.org/wiki/Special:FilePath/CHE%20Zufikon%20COA.svg
Canton of Aargau,Zurzach,http://commons.wikimedia.org/wiki/Special:FilePath/CHE%20Zurzach%20COA.svg
Canton of Aargau,Zuzgen,http://commons.wikimedia.org/wiki/Special:FilePath/CHE%20Zuzgen%20COA.svg
Canton of Appenzell Ausserrhoden,Bühler,http://commons.wikimedia.org/wiki/Special:FilePath/CHE%20B%C3%BChler%20COA.svg
Canton of Appenzell Ausserrhoden,Gais,http://commons.wikimedia.org/wiki/Special:FilePath/CHE%20Gais%20COA.svg
Canton of Appenzell Ausserrhoden,Grub,http://commons.wikimedia.org/wiki/Special:FilePath/CHE%20Grub%20AR%20COA.svg
Canton of Appenzell Ausserrhoden,Heiden,http://commons.wikimedia.org/wiki/Special:FilePath/CHE%20Heiden%20COA.jpg
Canton of Appenzell Ausserrhoden,Herisau,http://commons.wikimedia.org/wiki/Special:FilePath/Herisau%20wappen.svg
Canton of Appenzell Ausserrhoden,Hundwil,http://commons.wikimedia.org/wiki/Special:FilePath/Hundwil-Blazono.png
Canton of Appenzell Ausserrhoden,Lutzenberg,http://commons.wikimedia.org/wiki/Special:FilePath/CHE%20Lutzenberg%20COA.svg
Canton of Appenzell Ausserrhoden,Rehetobel,http://commons.wikimedia.org/wiki/Special:FilePath/CHE%20Rehetobel%20COA.svg
Canton of Appenzell Ausserrhoden,Reute,http://commons.wikimedia.org/wiki/Special:FilePath/CHE%20Reute%20COA.svg
Canton of Appenzell Ausserrhoden,Schwellbrunn,http://commons.wikimedia.org/wiki/Special:FilePath/Schwellbrunn-blazon.svg
Canton of Appenzell Ausserrhoden,Schönengrund,http://commons.wikimedia.org/wiki/Special:FilePath/CHE%20Sch%C3%B6nengrund%20COA.svg
Canton of Appenzell Ausserrhoden,Speicher,http://commons.wikimedia.org/wiki/Special:FilePath/CHE%20Speicher%20COA.svg
Canton of Appenzell Ausserrhoden,Stein,http://commons.wikimedia.org/wiki/Special:FilePath/Stein%20AR-Blazono.png
Canton of Appenzell Ausserrhoden,Teufen,http://commons.wikimedia.org/wiki/Special:FilePath/Teufen%20wappen.svg
Canton of Appenzell Ausserrhoden,Trogen,http://commons.wikimedia.org/wiki/Special:FilePath/Trogen%20AR%20Wappen.svg
Canton of Appenzell Ausserrhoden,Urnäsch,http://commons.wikimedia.org/wiki/Special:FilePath/Urn%C3%A4sch%20wappen.svg
Canton of Appenzell Ausserrhoden,Wald,http://commons.wikimedia.org/wiki/Special:FilePath/Wald%20AR-Blazono.png
Canton of Appenzell Ausserrhoden,Waldstatt,http://commons.wikimedia.org/wiki/Special:FilePath/CHE%20Waldstatt%20COA.svg
Canton of Appenzell Ausserrhoden,Walzenhausen,http://commons.wikimedia.org/wiki/Special:FilePath/CHE%20Walzenhausen%20COA.svg
Canton of Appenzell Ausserrhoden,Wolfhalden,http://commons.wikimedia.org/wiki/Special:FilePath/Wolfhalden%20Blazono.png
Canton of Appenzell Innerrhoden,Appenzell,http://commons.wikimedia.org/wiki/Special:FilePath/Appenzell-blazon.svg
Canton of Appenzell Innerrhoden,Gonten,http://commons.wikimedia.org/wiki/Special:FilePath/Gonten-blazon.svg
Canton of Appenzell Innerrhoden,Oberegg,http://commons.wikimedia.org/wiki/Special:FilePath/CHE%20Oberegg%20COA.svg
Canton of Appenzell Innerrhoden,Rüte,http://commons.wikimedia.org/wiki/Special:FilePath/R%C3%BCte-blazon.svg
Canton of Appenzell Innerrhoden,Schlatt-Haslen,http://commons.wikimedia.org/wiki/Special:FilePath/CHE%20Schlatt-Haslen%20COA.svg
Canton of Appenzell Innerrhoden,Schwende,http://commons.wikimedia.org/wiki/Special:FilePath/Schwende-blazon.svg
Canton of Appenzell Innerrhoden,Schwende-Rüte,http://commons.wikimedia.org/wiki/Special:FilePath/CHE%20Schwende-R%C3%BCte%20COA.svg
Canton of Basel-Landschaft,Aesch,http://commons.wikimedia.org/wiki/Special:FilePath/Coat%20of%20arms%20of%20Aesch%20BL.svg
Canton of Basel-Landschaft,Allschwil,http://commons.wikimedia.org/wiki/Special:FilePath/CHE%20Allschwil%20COA.svg
Canton of Basel-Landschaft,Anwil,http://commons.wikimedia.org/wiki/Special:FilePath/Coat%20of%20arms%20of%20Anwil.svg
Canton of Basel-Landschaft,Arboldswil,http://commons.wikimedia.org/wiki/Special:FilePath/Coat%20of%20arms%20of%20Arboldswil.svg
Canton of Basel-Landschaft,Arisdorf,http://commons.wikimedia.org/wiki/Special:FilePath/Wappen%20Arisdorf.png
Canton of Basel-Landschaft,Arlesheim,http://commons.wikimedia.org/wiki/Special:FilePath/Coat%20of%20arms%20of%20Arlesheim.svg
Canton of Basel-Landschaft,Augst,http://commons.wikimedia.org/wiki/Special:FilePath/Wappen%20Augst.png
Canton of Basel-Landschaft,Bennwil,http://commons.wikimedia.org/wiki/Special:FilePath/CHE%20Bennwil%20COA.svg
Canton of Basel-Landschaft,Biel-Benken,http://commons.wikimedia.org/wiki/Special:FilePath/Coat%20of%20arms%20of%20Biel-Benken.svg
Canton of Basel-Landschaft,Binningen,http://commons.wikimedia.org/wiki/Special:FilePath/Coat%20of%20arms%20of%20Binningen%20BL.svg
Canton of Basel-Landschaft,Birsfelden,http://commons.wikimedia.org/wiki/Special:FilePath/Coat%20of%20arms%20of%20Birsfelden.svg
Canton of Basel-Landschaft,Blauen,http://commons.wikimedia.org/wiki/Special:FilePath/Coat%20of%20arms%20of%20Blauen%20BL.svg
Canton of Basel-Landschaft,Bottmingen,http://commons.wikimedia.org/wiki/Special:FilePath/CHE%20Bottmingen%20COA.svg
Canton of Basel-Landschaft,Bretzwil,http://commons.wikimedia.org/wiki/Special:FilePath/Coat%20of%20arms%20of%20Bretzwil.svg
Canton of Basel-Landschaft,Brislach,http://commons.wikimedia.org/wiki/Special:FilePath/Coat%20of%20arms%20of%20Brislach.svg
Canton of Basel-Landschaft,Bubendorf,http://commons.wikimedia.org/wiki/Special:FilePath/Coat%20of%20arms%20of%20Bubendorf%20BL.svg
Canton of Basel-Landschaft,Buckten,http://commons.wikimedia.org/wiki/Special:FilePath/Coat%20of%20arms%20of%20Buckten.svg
Canton of Basel-Landschaft,Burg im Leimental,http://commons.wikimedia.org/wiki/Special:FilePath/Coat%20of%20arms%20of%20Burg%20im%20Leimental.svg
Canton of Basel-Landschaft,Buus,http://commons.wikimedia.org/wiki/Special:FilePath/Coat%20of%20arms%20of%20Buus.svg
Canton of Basel-Landschaft,Böckten,http://commons.wikimedia.org/wiki/Special:FilePath/Coat%20of%20arms%20of%20Boeckten.svg
Canton of Basel-Landschaft,Diegten,http://commons.wikimedia.org/wiki/Special:FilePath/Wappen%20Diegten.png
Canton of Basel-Landschaft,Diepflingen,http://commons.wikimedia.org/wiki/Special:FilePath/Coat%20of%20arms%20of%20Diepflingen.svg
Canton of Basel-Landschaft,Dittingen,http://commons.wikimedia.org/wiki/Special:FilePath/Wappen%20Dittingen.png
Canton of Basel-Landschaft,Duggingen,http://commons.wikimedia.org/wiki/Special:FilePath/Wappen%20Duggingen.png
Canton of Basel-Landschaft,Eptingen,http://commons.wikimedia.org/wiki/Special:FilePath/Wappen%20Eptingen.svg
Canton of Basel-Landschaft,Ettingen,http://commons.wikimedia.org/wiki/Special:FilePath/Coat%20of%20arms%20of%20Ettingen.svg
Canton of Basel-Landschaft,Frenkendorf,http://commons.wikimedia.org/wiki/Special:FilePath/CHE%20Frenkendorf%20COA.svg
Canton of Basel-Landschaft,Füllinsdorf,http://commons.wikimedia.org/wiki/Special:FilePath/Wappen%20Fuellinsdorf.png
Canton of Basel-Landschaft,Gelterkinden,http://commons.wikimedia.org/wiki/Special:FilePath/Coat%20of%20arms%20of%20Gelterkinden.svg
Canton of Basel-Landschaft,Giebenach,http://commons.wikimedia.org/wiki/Special:FilePath/Coat%20of%20arms%20of%20Giebenach.svg
Canton of Basel-Landschaft,Grellingen,http://commons.wikimedia.org/wiki/Special:FilePath/Grellingen%20coat%20of%20arms.svg
Canton of Basel-Landschaft,Hemmiken,http://commons.wikimedia.org/wiki/Special:FilePath/Coat%20of%20arms%20of%20Hemmiken.svg
Canton of Basel-Landschaft,Hersberg,http://commons.wikimedia.org/wiki/Special:FilePath/Coat%20of%20arms%20of%20Hersberg.svg
Canton of Basel-Landschaft,Häfelfingen,http://commons.wikimedia.org/wiki/Special:FilePath/Haefelfingen-coat%20of%20arms.png
Canton of Basel-Landschaft,Hölstein,http://commons.wikimedia.org/wiki/Special:FilePath/Wappen%20H%C3%B6lstein.svg
Canton of Basel-Landschaft,Itingen,http://commons.wikimedia.org/wiki/Special:FilePath/Wappen%20Itingen.svg
Canton of Basel-Landschaft,Kilchberg,http://commons.wikimedia.org/wiki/Special:FilePath/Coat%20of%20arms%20of%20Kilchberg%20BL.svg
Canton of Basel-Landschaft,Känerkinden,http://commons.wikimedia.org/wiki/Special:FilePath/Wappen%20Kaenerkinden.png
Canton of Basel-Landschaft,Lampenberg,http://commons.wikimedia.org/wiki/Special:FilePath/Coat%20of%20arms%20of%20Lampenberg.svg
Canton of Basel-Landschaft,Langenbruck,http://commons.wikimedia.org/wiki/Special:FilePath/Wappen%20Langenbruck.png
Canton of Basel-Landschaft,Laufen,http://commons.wikimedia.org/wiki/Special:FilePath/CHE%20Laufen%20BL%20official%20COA.svg
Canton of Basel-Landschaft,Lausen,http://commons.wikimedia.org/wiki/Special:FilePath/Coat%20of%20arms%20of%20Lausen%20BL.svg
Canton of Basel-Landschaft,Lauwil,http://commons.wikimedia.org/wiki/Special:FilePath/Coat%20of%20arms%20of%20Lauwil.svg
Canton of Basel-Landschaft,Liedertswil,http://commons.wikimedia.org/wiki/Special:FilePath/Wappen%20Liedertswil.png
Canton of Basel-Landschaft,Liesberg,http://commons.wikimedia.org/wiki/Special:FilePath/Wappen%20Liesberg.png
Canton of Basel-Landschaft,Liestal,http://commons.wikimedia.org/wiki/Special:FilePath/Coat%20of%20arms%20of%20Liestal.svg
Canton of Basel-Landschaft,Lupsingen,http://commons.wikimedia.org/wiki/Special:FilePath/Wappen%20Lupsingen.png
Canton of Basel-Landschaft,Läufelfingen,http://commons.wikimedia.org/wiki/Special:FilePath/Wappen%20Laeufelfingen.png
Canton of Basel-Landschaft,Maisprach,http://commons.wikimedia.org/wiki/Special:FilePath/Coat%20of%20arms%20of%20Maisprach.svg
Canton of Basel-Landschaft,Muttenz,http://commons.wikimedia.org/wiki/Special:FilePath/Muttenz.png
Canton of Basel-Landschaft,Münchenstein,http://commons.wikimedia.org/wiki/Special:FilePath/M%C3%BCnchenstein-coat%20of%20arms.svg
Canton of Basel-Landschaft,Nenzlingen,http://commons.wikimedia.org/wiki/Special:FilePath/Wappen%20Nenzlingen.png
Canton of Basel-Landschaft,Niederdorf,http://commons.wikimedia.org/wiki/Special:FilePath/Coat%20of%20arms%20of%20Niederdorf%20BL.svg
Canton of Basel-Landschaft,Nusshof,http://commons.wikimedia.org/wiki/Special:FilePath/Coat%20of%20arms%20of%20Nusshof.svg
Canton of Basel-Landschaft,Oberdorf,http://commons.wikimedia.org/wiki/Special:FilePath/Coat%20of%20arms%20of%20Oberdorf%20BL.svg
Canton of Basel-Landschaft,Oberwil,http://commons.wikimedia.org/wiki/Special:FilePath/Coat%20of%20arms%20of%20Oberwil%20BL.svg
Canton of Basel-Landschaft,Oltingen,http://commons.wikimedia.org/wiki/Special:FilePath/Coat%20of%20arms%20of%20Oltingen.svg
Canton of Basel-Landschaft,Ormalingen,http://commons.wikimedia.org/wiki/Special:FilePath/Coat%20of%20arms%20of%20Ormalingen.svg
Canton of Basel-Landschaft,Pfeffingen,http://commons.wikimedia.org/wiki/Special:FilePath/Coat%20of%20arms%20of%20Pfeffingen%20BL.svg
Canton of Basel-Landschaft,Pratteln,http://commons.wikimedia.org/wiki/Special:FilePath/Pratteln-coat%20of%20arms.svg
Canton of Basel-Landschaft,Ramlinsburg,http://commons.wikimedia.org/wiki/Special:FilePath/Coat%20of%20arms%20of%20Ramlinsburg.svg
Canton of Basel-Landschaft,Reigoldswil,http://commons.wikimedia.org/wiki/Special:FilePath/Wappen%20Reigoldswil.png
Canton of Basel-Landschaft,Reinach,http://commons.wikimedia.org/wiki/Special:FilePath/Coat%20of%20arms%20of%20Reinach%20BL.svg
Canton of Basel-Landschaft,Rickenbach,http://commons.wikimedia.org/wiki/Special:FilePath/Coat%20of%20arms%20of%20Rickenbach%20BL.svg
Canton of Basel-Landschaft,Roggenburg,http://commons.wikimedia.org/wiki/Special:FilePath/Wappen%20Roggenburg%20BL.png
Canton of Basel-Landschaft,Rothenfluh,http://commons.wikimedia.org/wiki/Special:FilePath/Coat%20of%20arms%20of%20Rothenfluh.svg
Canton of Basel-Landschaft,Röschenz,http://commons.wikimedia.org/wiki/Special:FilePath/CHE%20R%C3%B6schenz%20COA.svg
Canton of Basel-Landschaft,Rümlingen,http://commons.wikimedia.org/wiki/Special:FilePath/Wappen%20Ruemlingen.png
Canton of Basel-Landschaft,Rünenberg,http://commons.wikimedia.org/wiki/Special:FilePath/Coat%20of%20arms%20of%20Ruenenberg.svg
Canton of Basel-Landschaft,Schönenbuch,http://commons.wikimedia.org/wiki/Special:FilePath/CHE%20Sch%C3%B6nenbuch%20COA.svg
Canton of Basel-Landschaft,Seltisberg,http://commons.wikimedia.org/wiki/Special:FilePath/Coat%20of%20arms%20of%20Seltisberg.svg
Canton of Basel-Landschaft,Sissach,http://commons.wikimedia.org/wiki/Special:FilePath/Wappen%20Sissach.png
Canton of Basel-Landschaft,Tecknau,http://commons.wikimedia.org/wiki/Special:FilePath/Coat%20of%20arms%20of%20Tecknau.svg
Canton of Basel-Landschaft,Tenniken,http://commons.wikimedia.org/wiki/Special:FilePath/Coat%20of%20arms%20of%20Tenniken.svg
Canton of Basel-Landschaft,Therwil,http://commons.wikimedia.org/wiki/Special:FilePath/Coat%20of%20arms%20of%20Therwil.svg
Canton of Basel-Landschaft,Thürnen,http://commons.wikimedia.org/wiki/Special:FilePath/Coat%20of%20arms%20of%20Thuernen.svg
Canton of Basel-Landschaft,Titterten,http://commons.wikimedia.org/wiki/Special:FilePath/Wappen%20Titterten.png
Canton of Basel-Landschaft,Wahlen,http://commons.wikimedia.org/wiki/Special:FilePath/Wappen%20Wahlen.png
Canton of Basel-Landschaft,Waldenburg,http://commons.wikimedia.org/wiki/Special:FilePath/CHE%20Waldenburg%20BL%20COA.svg
Canton of Basel-Landschaft,Wenslingen,http://commons.wikimedia.org/wiki/Special:FilePath/Coat%20of%20arms%20of%20Wenslingen.svg
Canton of Basel-Landschaft,Wintersingen,http://commons.wikimedia.org/wiki/Special:FilePath/Coat%20of%20arms%20of%20Wintersingen.svg
Canton of Basel-Landschaft,Wittinsburg,http://commons.wikimedia.org/wiki/Special:FilePath/Coat%20of%20arms%20of%20Wittinsburg.svg
Canton of Basel-Landschaft,Zeglingen,http://commons.wikimedia.org/wiki/Special:FilePath/Coat%20of%20arms%20of%20Zeglingen.svg
Canton of Basel-Landschaft,Ziefen,http://commons.wikimedia.org/wiki/Special:FilePath/CHE%20Ziefen%20COA.svg
Canton of Basel-Landschaft,Zunzgen,http://commons.wikimedia.org/wiki/Special:FilePath/Coat%20of%20arms%20of%20Zunzgen.svg
Canton of Basel-Landschaft,Zwingen,http://commons.wikimedia.org/wiki/Special:FilePath/Coat%20of%20arms%20of%20Zwingen.svg
Canton of Basel-Stadt,Basel,http://commons.wikimedia.org/wiki/Special:FilePath/Wappen%20Basel-Stadt%20matt.svg
Canton of Basel-Stadt,Bettingen,http://commons.wikimedia.org/wiki/Special:FilePath/CHE%20Bettingen%20BS%20COA.svg
Canton of Basel-Stadt,Riehen,http://commons.wikimedia.org/wiki/Special:FilePath/CHE%20Riehen%20COA.svg
Canton of Berne,Aarberg,http://commons.wikimedia.org/wiki/Special:FilePath/CHE%20Aarberg%20BE%20COA.svg
Canton of Berne,Aarwangen,http://commons.wikimedia.org/wiki/Special:FilePath/CHE%20Aarwangen%20COA.svg
Canton of Berne,Adelboden,http://commons.wikimedia.org/wiki/Special:FilePath/CHE%20Adelboden%20COA.svg
Canton of Berne,Aefligen,http://commons.wikimedia.org/wiki/Special:FilePath/CHE%20Aefligen%20COA.svg
Canton of Berne,Aegerten,http://commons.wikimedia.org/wiki/Special:FilePath/CHE%20Aegerten%20COA.svg
Canton of Berne,Aeschi bei Spiez,http://commons.wikimedia.org/wiki/Special:FilePath/CHE%20Aeschi%20bei%20Spiez%20COA.svg
Canton of Berne,Affoltern im Emmental,http://commons.wikimedia.org/wiki/Special:FilePath/CHE%20Affoltern%20im%20Emmental%20COA.svg
Canton of Berne,Alchenstorf,http://commons.wikimedia.org/wiki/Special:FilePath/CHE%20Alchenstorf%20COA.svg
Canton of Berne,Allmendingen bei Bern,http://commons.wikimedia.org/wiki/Special:FilePath/CHE%20Allmendingen%20bei%20Bern%20COA.svg
Canton of Berne,Amsoldingen,http://commons.wikimedia.org/wiki/Special:FilePath/CHE%20Amsoldingen%20COA.svg
Canton of Berne,Arch,http://commons.wikimedia.org/wiki/Special:FilePath/CHE%20Arch%20COA.svg
Canton of Berne,Arni,http://commons.wikimedia.org/wiki/Special:FilePath/CHE%20Arni%20BE%20COA.svg
Canton of Berne,Attiswil,http://commons.wikimedia.org/wiki/Special:FilePath/CHE%20Attiswil%20COA.svg
Canton of Berne,Auswil,http://commons.wikimedia.org/wiki/Special:FilePath/CHE%20Auswil%20COA.svg
Canton of Berne,Bannwil,http://commons.wikimedia.org/wiki/Special:FilePath/CHE%20Bannwil%20COA.svg
Canton of Berne,Bargen,http://commons.wikimedia.org/wiki/Special:FilePath/CHE%20Bargen%20BE%20COA.svg
Canton of Berne,Beatenberg,http://commons.wikimedia.org/wiki/Special:FilePath/CHE%20Beatenberg%20COA.svg
Canton of Berne,Bellmund,http://commons.wikimedia.org/wiki/Special:FilePath/CHE%20Bellmund%20COA.svg
Canton of Berne,Belp,http://commons.wikimedia.org/wiki/Special:FilePath/CHE%20Belp%20BE%20COA.svg
Canton of Berne,Belprahon,http://commons.wikimedia.org/wiki/Special:FilePath/CHE%20Belprahon%20COA.svg
Canton of Berne,Berken,http://commons.wikimedia.org/wiki/Special:FilePath/CHE%20Berken%20COA.svg
Canton of Berne,Bern,http://commons.wikimedia.org/wiki/Special:FilePath/CHE%20Bern%20BE%20COA.svg
Canton of Berne,Bettenhausen,http://commons.wikimedia.org/wiki/Special:FilePath/CHE%20Bettenhausen%20COA.svg
Canton of Berne,Biel/Bienne,http://commons.wikimedia.org/wiki/Special:FilePath/CHE%20Biel%20COA.svg
Canton of Berne,Biglen,http://commons.wikimedia.org/wiki/Special:FilePath/CHE%20Biglen%20COA.svg
Canton of Berne,Bleienbach,http://commons.wikimedia.org/wiki/Special:FilePath/CHE%20Bleienbach%20COA.svg
Canton of Berne,Blumenstein,http://commons.wikimedia.org/wiki/Special:FilePath/CHE%20Blumenstein%20COA.svg
Canton of Berne,Bolligen,http://commons.wikimedia.org/wiki/Special:FilePath/CHE%20Bolligen%20COA.svg
Canton of Berne,Boltigen,http://commons.wikimedia.org/wiki/Special:FilePath/CHE%20Boltigen%20COA.svg
Canton of Berne,Bowil,http://commons.wikimedia.org/wiki/Special:FilePath/CHE%20Bowil%20COA.svg
Canton of Berne,Bremgarten bei Bern,http://commons.wikimedia.org/wiki/Special:FilePath/CHE%20Bremgarten%20bei%20Bern%20COA.svg
Canton of Berne,Brenzikofen,http://commons.wikimedia.org/wiki/Special:FilePath/CHE%20Brenzikofen%20COA.svg
Canton of Berne,Brienz,http://commons.wikimedia.org/wiki/Special:FilePath/CHE%20Brienz%20COA.svg
Canton of Berne,Brienzwiler,http://commons.wikimedia.org/wiki/Special:FilePath/CHE%20Brienzwiler%20COA.svg
Canton of Berne,Brügg,http://commons.wikimedia.org/wiki/Special:FilePath/CHE%20Br%C3%BCgg%20COA.svg
Canton of Berne,Brüttelen,http://commons.wikimedia.org/wiki/Special:FilePath/CHE%20Br%C3%BCttelen%20COA.svg
Canton of Berne,Buchholterberg,http://commons.wikimedia.org/wiki/Special:FilePath/CHE%20Buchholterberg%20COA.svg
Canton of Berne,Burgdorf,http://commons.wikimedia.org/wiki/Special:FilePath/CHE%20Burgdorf%20BE%20COA.svg
Canton of Berne,Burgistein,http://commons.wikimedia.org/wiki/Special:FilePath/CHE%20Burgistein%20COA.svg
Canton of Berne,Busswil bei Melchnau,http://commons.wikimedia.org/wiki/Special:FilePath/CHE%20Busswil%20bei%20Melchnau%20COA.svg
Canton of Berne,Bäriswil,http://commons.wikimedia.org/wiki/Special:FilePath/CHE%20B%C3%A4riswil%20COA.svg
Canton of Berne,Bätterkinden,http://commons.wikimedia.org/wiki/Special:FilePath/CHE%20B%C3%A4tterkinden%20COA.svg
Canton of Berne,Bönigen,http://commons.wikimedia.org/wiki/Special:FilePath/CHE%20B%C3%B6nigen%20BE%20COA.svg
Canton of Berne,Büetigen,http://commons.wikimedia.org/wiki/Special:FilePath/CHE%20B%C3%BCetigen%20COA.svg
Canton of Berne,Bühl,http://commons.wikimedia.org/wiki/Special:FilePath/CHE%20B%C3%BChl%20COA.svg
Canton of Berne,Büren an der Aare,http://commons.wikimedia.org/wiki/Special:FilePath/CHE%20B%C3%BCren%20an%20der%20Aare%20COA.svg
Canton of Berne,Champoz,http://commons.wikimedia.org/wiki/Special:FilePath/CHE%20Champoz%20COA.svg
Canton of Berne,Corcelles,http://commons.wikimedia.org/wiki/Special:FilePath/CHE%20Corcelles%20COA.svg
Canton of Berne,Corgémont,http://commons.wikimedia.org/wiki/Special:FilePath/CHE%20Corg%C3%A9mont%20COA.svg
Canton of Berne,Cormoret,http://commons.wikimedia.org/wiki/Special:FilePath/CHE%20Cormoret%20COA.svg
Canton of Berne,Cortébert,http://commons.wikimedia.org/wiki/Special:FilePath/CHE%20Cort%C3%A9bert%20COA.svg
Canton of Berne,Court,http://commons.wikimedia.org/wiki/Special:FilePath/CHE%20Court%20COA.svg
Canton of Berne,Courtelary,http://commons.wikimedia.org/wiki/Special:FilePath/CHE%20Courtelary%20COA.svg
Canton of Berne,Crémines,http://commons.wikimedia.org/wiki/Special:FilePath/CHE%20Cr%C3%A9mines%20COA.svg
Canton of Berne,Deisswil bei Münchenbuchsee,http://commons.wikimedia.org/wiki/Special:FilePath/CHE%20Deisswil%20bei%20M%C3%BCnchenbuchsee%20COA.svg
Canton of Berne,Diemtigen,http://commons.wikimedia.org/wiki/Special:FilePath/CHE%20Diemtigen%20COA.svg
Canton of Berne,Diessbach bei Büren,http://commons.wikimedia.org/wiki/Special:FilePath/CHE%20Diessbach%20bei%20B%C3%BCren%20COA.svg
Canton of Berne,Dotzigen,http://commons.wikimedia.org/wiki/Special:FilePath/CHE%20Dotzigen%20BE%20COA.svg
Canton of Berne,Därligen,http://commons.wikimedia.org/wiki/Special:FilePath/CHE%20D%C3%A4rligen%20COA.svg
Canton of Berne,Därstetten,http://commons.wikimedia.org/wiki/Special:FilePath/CHE%20D%C3%A4rstetten%20COA.svg
Canton of Berne,Dürrenroth,http://commons.wikimedia.org/wiki/Special:FilePath/CHE%20D%C3%BCrrenroth%20COA.svg
Canton of Berne,Eggiwil,http://commons.wikimedia.org/wiki/Special:FilePath/CHE%20Eggiwil%20COA.svg
Canton of Berne,Epsach,http://commons.wikimedia.org/wiki/Special:FilePath/CHE%20Epsach%20COA.svg
Canton of Berne,Eriswil,http://commons.wikimedia.org/wiki/Special:FilePath/CHE%20Eriswil%20COA.svg
Canton of Berne,Eriz,http://commons.wikimedia.org/wiki/Special:FilePath/CHE%20Eriz%20COA.svg
Canton of Berne,Erlach,http://commons.wikimedia.org/wiki/Special:FilePath/CHE%20Erlach%20COA.svg
Canton of Berne,Erlenbach im Simmental,http://commons.wikimedia.org/wiki/Special:FilePath/CHE%20Erlenbach%20im%20Simmental%20COA.svg
Canton of Berne,Ersigen,http://commons.wikimedia.org/wiki/Special:FilePath/CHE%20Ersigen%20COA.svg
Canton of Berne,Eschert,http://commons.wikimedia.org/wiki/Special:FilePath/CHE%20Eschert%20COA.svg
Canton of Berne,Evilard,http://commons.wikimedia.org/wiki/Special:FilePath/CHE%20Evilard%20COA.svg
Canton of Berne,Fahrni,http://commons.wikimedia.org/wiki/Special:FilePath/CHE%20Fahrni%20COA.svg
Canton of Berne,Farnern,http://commons.wikimedia.org/wiki/Special:FilePath/CHE%20Farnern%20COA.svg
Canton of Berne,Ferenbalm,http://commons.wikimedia.org/wiki/Special:FilePath/CHE%20Ferenbalm%20COA.svg
Canton of Berne,Finsterhennen,http://commons.wikimedia.org/wiki/Special:FilePath/CHE%20Finsterhennen%20BE%20COA.svg
Canton of Berne,Forst-Längenbühl,http://commons.wikimedia.org/wiki/Special:FilePath/CHE%20Forst-L%C3%A4ngenb%C3%BChl%20COA.svg
Canton of Berne,Fraubrunnen,
Canton of Berne,Frauenkappelen,http://commons.wikimedia.org/wiki/Special:FilePath/CHE%20Frauenkappelen%20COA.svg
Canton of Berne,Freimettigen,http://commons.wikimedia.org/wiki/Special:FilePath/CHE%20Freimettigen%20COA.svg
Canton of Berne,Frutigen,http://commons.wikimedia.org/wiki/Special:FilePath/CHE%20Frutigen%20COA.svg
Canton of Berne,Gals,http://commons.wikimedia.org/wiki/Special:FilePath/CHE%20Gals%20COA.svg
Canton of Berne,Gampelen,http://commons.wikimedia.org/wiki/Special:FilePath/CHE%20Gampelen%20COA.svg
Canton of Berne,Gerzensee,http://commons.wikimedia.org/wiki/Special:FilePath/CHE%20Gerzensee%20COA.svg
Canton of Berne,Gondiswil,http://commons.wikimedia.org/wiki/Special:FilePath/CHE%20Gondiswil%20COA.svg
Canton of Berne,Graben,http://commons.wikimedia.org/wiki/Special:FilePath/CHE%20Graben%20BE%20COA.svg
Canton of Berne,Grandval,http://commons.wikimedia.org/wiki/Special:FilePath/CHE%20Grandval%20COA.svg
Canton of Berne,Grindelwald,http://commons.wikimedia.org/wiki/Special:FilePath/CHE%20Grindelwald%20COA.svg
Canton of Berne,Grossaffoltern,http://commons.wikimedia.org/wiki/Special:FilePath/CHE%20Grossaffoltern%20BE%20COA.svg
Canton of Berne,Grosshöchstetten,http://commons.wikimedia.org/wiki/Special:FilePath/CHE%20Grossh%C3%B6chstetten%20COA.svg
Canton of Berne,Gsteig bei Gstaad,http://commons.wikimedia.org/wiki/Special:FilePath/CHE%20Gsteig%20bei%20Gstaad%20COA.svg
Canton of Berne,Gsteigwiler,http://commons.wikimedia.org/wiki/Special:FilePath/CHE%20Gsteigwiler%20COA.svg
Canton of Berne,Guggisberg,http://commons.wikimedia.org/wiki/Special:FilePath/CHE%20Guggisberg%20COA.svg
Canton of Berne,Gurbrü,http://commons.wikimedia.org/wiki/Special:FilePath/CHE%20Gurbr%C3%BC%20BE%20COA.svg
Canton of Berne,Gurzelen,http://commons.wikimedia.org/wiki/Special:FilePath/CHE%20Gurzelen%20COA.svg
Canton of Berne,Guttannen,http://commons.wikimedia.org/wiki/Special:FilePath/CHE%20Guttannen%20COA.svg
Canton of Berne,Gündlischwand,http://commons.wikimedia.org/wiki/Special:FilePath/CHE%20G%C3%BCndlischwand%20COA.svg
Canton of Berne,Habkern,http://commons.wikimedia.org/wiki/Special:FilePath/CHE%20Habkern%20COA.svg
Canton of Berne,Hagneck,http://commons.wikimedia.org/wiki/Special:FilePath/CHE%20Hagneck%20COA.svg
Canton of Berne,Hasle bei Burgdorf,http://commons.wikimedia.org/wiki/Special:FilePath/CHE%20Hasle%20bei%20Burgdorf%20COA.svg
Canton of Berne,Hasliberg,http://commons.wikimedia.org/wiki/Special:FilePath/CHE%20Hasliberg%20COA.svg
Canton of Berne,Heiligenschwendi,http://commons.wikimedia.org/wiki/Special:FilePath/CHE%20Heiligenschwendi%20COA.svg
Canton of Berne,Heimberg,http://commons.wikimedia.org/wiki/Special:FilePath/CHE%20Heimberg%20COA.svg
Canton of Berne,Heimenhausen,http://commons.wikimedia.org/wiki/Special:FilePath/CHE%20Heimenhausen%202009%20COA.svg
Canton of Berne,Heimenhausen,http://commons.wikimedia.org/wiki/Special:FilePath/CHE%20Heimenhausen%20COA.svg
Canton of Berne,Heimiswil,http://commons.wikimedia.org/wiki/Special:FilePath/CHE%20Heimiswil%20COA.svg
Canton of Berne,Hellsau,http://commons.wikimedia.org/wiki/Special:FilePath/CHE%20Hellsau%20COA.svg
Canton of Berne,Herbligen,http://commons.wikimedia.org/wiki/Special:FilePath/CHE%20Herbligen%20COA.svg
Canton of Berne,Hermrigen,http://commons.wikimedia.org/wiki/Special:FilePath/CHE%20Hermrigen%20COA.svg
Canton of Berne,Herzogenbuchsee,http://commons.wikimedia.org/wiki/Special:FilePath/CHE%20Herzogenbuchsee%20COA.svg
Canton of Berne,Hilterfingen,http://commons.wikimedia.org/wiki/Special:FilePath/CHE%20Hilterfingen%20COA.svg
Canton of Berne,Hindelbank,http://commons.wikimedia.org/wiki/Special:FilePath/CHE%20Hindelbank%20COA.svg
Canton of Berne,Hofstetten bei Brienz,http://commons.wikimedia.org/wiki/Special:FilePath/CHE%20Hofstetten%20bei%20Brienz%20COA.svg
Canton of Berne,Homberg,http://commons.wikimedia.org/wiki/Special:FilePath/CHE%20Homberg%20COA.svg
Canton of Berne,Horrenbach-Buchen,http://commons.wikimedia.org/wiki/Special:FilePath/CHE%20Horrenbach-Buchen%20COA.svg
Canton of Berne,Huttwil,http://commons.wikimedia.org/wiki/Special:FilePath/CHE%20Huttwil%20COA.svg
Canton of Berne,Häutligen,http://commons.wikimedia.org/wiki/Special:FilePath/CHE%20H%C3%A4utligen%20COA.svg
Canton of Berne,Höchstetten,http://commons.wikimedia.org/wiki/Special:FilePath/CHE%20H%C3%B6chstetten%20COA.svg
Canton of Berne,Iffwil,http://commons.wikimedia.org/wiki/Special:FilePath/CHE%20Iffwil%20COA.svg
Canton of Berne,Inkwil,http://commons.wikimedia.org/wiki/Special:FilePath/CHE%20Inkwil%20COA.svg
Canton of Berne,Innertkirchen,http://commons.wikimedia.org/wiki/Special:FilePath/CHE%20Innertkirchen%20COA.svg
Canton of Berne,Ins,http://commons.wikimedia.org/wiki/Special:FilePath/CHE%20Ins%20COA.svg
Canton of Berne,Interlaken,http://commons.wikimedia.org/wiki/Special:FilePath/CHE%20Interlaken%20COA.svg
Canton of Berne,Ipsach,http://commons.wikimedia.org/wiki/Special:FilePath/CHE%20Ipsach%20COA.svg
Canton of Berne,Iseltwald,http://commons.wikimedia.org/wiki/Special:FilePath/CHE%20Iseltwald%20COA.svg
Canton of Berne,Ittigen,http://commons.wikimedia.org/wiki/Special:FilePath/CHE%20Ittigen%20COA.svg
Canton of Berne,Jaberg,http://commons.wikimedia.org/wiki/Special:FilePath/CHE%20Jaberg%20COA.svg
Canton of Berne,Jegenstorf,http://commons.wikimedia.org/wiki/Special:FilePath/CHE%20Jegenstorf%20COA.svg
Canton of Berne,Jens,http://commons.wikimedia.org/wiki/Special:FilePath/CHE%20Jens%20COA.svg
Canton of Berne,Kallnach,http://commons.wikimedia.org/wiki/Special:FilePath/CHE%20Kallnach%20COA.svg
Canton of Berne,Kandergrund,http://commons.wikimedia.org/wiki/Special:FilePath/CHE%20Kandergrund%20COA.svg
Canton of Berne,Kandersteg,http://commons.wikimedia.org/wiki/Special:FilePath/CHE%20Kandersteg%20COA.svg
Canton of Berne,Kappelen,http://commons.wikimedia.org/wiki/Special:FilePath/CHE%20Kappelen%20BE%20COA.svg
Canton of Berne,Kaufdorf,http://commons.wikimedia.org/wiki/Special:FilePath/CHE%20Kaufdorf%20COA.svg
Canton of Berne,Kehrsatz,http://commons.wikimedia.org/wiki/Special:FilePath/CHE%20Kehrsatz%20COA.svg
Canton of Berne,Kernenried,http://commons.wikimedia.org/wiki/Special:FilePath/CHE%20Kernenried%20COA.svg
Canton of Berne,Kiesen,http://commons.wikimedia.org/wiki/Special:FilePath/CHE%20Kiesen%20COA.svg
Canton of Berne,Kirchberg,http://commons.wikimedia.org/wiki/Special:FilePath/CHE%20Kirchberg%20BE%20COA.svg
Canton of Berne,Kirchdorf,http://commons.wikimedia.org/wiki/Special:FilePath/CHE%20Kirchdorf%20COA.svg
Canton of Berne,Kirchlindach,http://commons.wikimedia.org/wiki/Special:FilePath/CHE%20Kirchlindach%20COA.svg
Canton of Berne,Konolfingen,http://commons.wikimedia.org/wiki/Special:FilePath/CHE%20Konolfingen%20COA.svg
Canton of Berne,Koppigen,http://commons.wikimedia.org/wiki/Special:FilePath/CHE%20Koppigen%20COA.svg
Canton of Berne,Krattigen,http://commons.wikimedia.org/wiki/Special:FilePath/CHE%20Krattigen%20COA.svg
Canton of Berne,Krauchthal,http://commons.wikimedia.org/wiki/Special:FilePath/CHE%20Krauchthal%20COA.svg
Canton of Berne,Kriechenwil,http://commons.wikimedia.org/wiki/Special:FilePath/CHE%20Kriechenwil%20COA.svg
Canton of Berne,Köniz,http://commons.wikimedia.org/wiki/Special:FilePath/CHE%20K%C3%B6niz%20COA.svg
Canton of Berne,La Ferrière,http://commons.wikimedia.org/wiki/Special:FilePath/CHE%20La%20Ferri%C3%A8re%20COA.svg
Canton of Berne,La Neuveville,http://commons.wikimedia.org/wiki/Special:FilePath/CHE%20La%20Neuveville%20COA.svg
Canton of Berne,Landiswil,http://commons.wikimedia.org/wiki/Special:FilePath/CHE%20Landiswil%20COA.svg
Canton of Berne,Langenthal,http://commons.wikimedia.org/wiki/Special:FilePath/CHE%20Langenthal%20COA.svg
Canton of Berne,Langnau im Emmental,http://commons.wikimedia.org/wiki/Special:FilePath/CHE%20Langnau%20im%20Emmental%20COA.svg
Canton of Berne,Lauenen,http://commons.wikimedia.org/wiki/Special:FilePath/CHE%20Lauenen%20COA.svg
Canton of Berne,Laupen,http://commons.wikimedia.org/wiki/Special:FilePath/CHE%20Laupen%20BE%20COA.svg
Canton of Berne,Lauperswil,http://commons.wikimedia.org/wiki/Special:FilePath/CHE%20Lauperswil%20COA.svg
Canton of Berne,Lauterbrunnen,http://commons.wikimedia.org/wiki/Special:FilePath/CHE%20Lauterbrunnen%20COA.svg
Canton of Berne,Leissigen,http://commons.wikimedia.org/wiki/Special:FilePath/CHE%20Leissigen%20COA.svg
Canton of Berne,Lengnau,http://commons.wikimedia.org/wiki/Special:FilePath/CHE%20Lengnau%20BE%20COA.svg
Canton of Berne,Lenk,http://commons.wikimedia.org/wiki/Special:FilePath/CHE%20Lenk%20COA.svg
Canton of Berne,Leuzigen,http://commons.wikimedia.org/wiki/Special:FilePath/CHE%20Leuzigen%20COA.svg
Canton of Berne,Ligerz,http://commons.wikimedia.org/wiki/Special:FilePath/CHE%20Ligerz%20COA.svg
Canton of Berne,Linden,http://commons.wikimedia.org/wiki/Special:FilePath/CHE%20Linden%20COA.svg
Canton of Berne,Lotzwil,http://commons.wikimedia.org/wiki/Special:FilePath/CHE%20Lotzwil%20COA.svg
Canton of Berne,Loveresse,http://commons.wikimedia.org/wiki/Special:FilePath/CHE%20Loveresse%20COA.svg
Canton of Berne,Lyss,http://commons.wikimedia.org/wiki/Special:FilePath/CHE%20Lyss%20COA.svg
Canton of Berne,Lyssach,http://commons.wikimedia.org/wiki/Special:FilePath/CHE%20Lyssach%20COA.svg
Canton of Berne,Lüscherz,http://commons.wikimedia.org/wiki/Special:FilePath/CHE%20L%C3%BCscherz%20COA.svg
Canton of Berne,Lütschental,http://commons.wikimedia.org/wiki/Special:FilePath/CHE%20L%C3%BCtschental%20COA.svg
Canton of Berne,Lützelflüh,http://commons.wikimedia.org/wiki/Special:FilePath/CHE%20L%C3%BCtzelfl%C3%BCh%20COA.svg
Canton of Berne,Madiswil,http://commons.wikimedia.org/wiki/Special:FilePath/CHE%20Madiswil%20COA.svg
Canton of Berne,Matten bei Interlaken,http://commons.wikimedia.org/wiki/Special:FilePath/CHE%20Matten%20bei%20Interlaken%20COA.svg
Canton of Berne,Mattstetten,http://commons.wikimedia.org/wiki/Special:FilePath/CHE%20Mattstetten%20COA.svg
Canton of Berne,Meienried,http://commons.wikimedia.org/wiki/Special:FilePath/CHE%20Meienried%20COA.svg
Canton of Berne,Meikirch,http://commons.wikimedia.org/wiki/Special:FilePath/CHE%20Meikirch%20COA.svg
Canton of Berne,Meinisberg,http://commons.wikimedia.org/wiki/Special:FilePath/CHE%20Meinisberg%20COA.svg
Canton of Berne,Meiringen,http://commons.wikimedia.org/wiki/Special:FilePath/CHE%20Meiringen%20COA.svg
Canton of Berne,Melchnau,http://commons.wikimedia.org/wiki/Special:FilePath/CHE%20Melchnau%20COA.svg
Canton of Berne,Merzligen,http://commons.wikimedia.org/wiki/Special:FilePath/CHE%20Merzligen%20COA.svg
Canton of Berne,Mirchel,http://commons.wikimedia.org/wiki/Special:FilePath/CHE%20Mirchel%20COA.svg
Canton of Berne,Mont-Tramelan,http://commons.wikimedia.org/wiki/Special:FilePath/CHE%20Mont-Tramelan%20COA.svg
Canton of Berne,Moosseedorf,http://commons.wikimedia.org/wiki/Special:FilePath/CHE%20Moosseedorf%20COA.svg
Canton of Berne,Muri bei Bern,http://commons.wikimedia.org/wiki/Special:FilePath/CHE%20Muri%20bei%20Bern%20COA.svg
Canton of Berne,Mörigen,http://commons.wikimedia.org/wiki/Special:FilePath/CHE%20M%C3%B6rigen%20COA.svg
Canton of Berne,Mühleberg,http://commons.wikimedia.org/wiki/Special:FilePath/CHE%20M%C3%BChleberg%20COA.svg
Canton of Berne,Münchenbuchsee,http://commons.wikimedia.org/wiki/Special:FilePath/CHE%20M%C3%BCnchenbuchsee%20COA.svg
Canton of Berne,Münchenwiler,http://commons.wikimedia.org/wiki/Special:FilePath/CHE%20M%C3%BCnchenwiler%20COA.svg
Canton of Berne,Münsingen,http://commons.wikimedia.org/wiki/Special:FilePath/CHE%20M%C3%BCnsingen%20COA.svg
Canton of Berne,Müntschemier,http://commons.wikimedia.org/wiki/Special:FilePath/CHE%20M%C3%BCntschemier%20COA.svg
Canton of Berne,Neuenegg,http://commons.wikimedia.org/wiki/Special:FilePath/CHE%20Neuenegg%20COA.svg
Canton of Berne,Nidau,http://commons.wikimedia.org/wiki/Special:FilePath/CHE%20Nidau%20COA.svg
Canton of Berne,Niederbipp,http://commons.wikimedia.org/wiki/Special:FilePath/CHE%20Niederbipp%20COA.svg
Canton of Berne,Niederhünigen,http://commons.wikimedia.org/wiki/Special:FilePath/CHE%20Niederh%C3%BCnigen%20COA.svg
Canton of Berne,Niedermuhlern,http://commons.wikimedia.org/wiki/Special:FilePath/CHE%20Niedermuhlern%20COA.svg
Canton of Berne,Niederried bei Interlaken,http://commons.wikimedia.org/wiki/Special:FilePath/CHE%20Niederried%20bei%20Interlaken%20COA.svg
Canton of Berne,Niederried bei Kallnach,http://commons.wikimedia.org/wiki/Special:FilePath/CHE%20Niederried%20bei%20Kallnach%20COA.svg
Canton of Berne,Niederönz,http://commons.wikimedia.org/wiki/Special:FilePath/CHE%20Nieder%C3%B6nz%20COA.svg
Canton of Berne,Nods,http://commons.wikimedia.org/wiki/Special:FilePath/CHE%20Nods%20COA.svg
Canton of Berne,Oberbalm,http://commons.wikimedia.org/wiki/Special:FilePath/CHE%20Oberbalm%20COA.svg
Canton of Berne,Oberbipp,http://commons.wikimedia.org/wiki/Special:FilePath/CHE%20Oberbipp%20COA.svg
Canton of Berne,Oberburg,http://commons.wikimedia.org/wiki/Special:FilePath/CHE%20Oberburg%20COA.svg
Canton of Berne,Oberdiessbach,http://commons.wikimedia.org/wiki/Special:FilePath/CHE%20Oberdiessbach%20COA.svg
Canton of Berne,Oberhofen am Thunersee,http://commons.wikimedia.org/wiki/Special:FilePath/CHE%20Oberhofen%20am%20Thunersee%20COA.svg
Canton of Berne,Oberhünigen,http://commons.wikimedia.org/wiki/Special:FilePath/CHE%20Oberh%C3%BCnigen%20COA.svg
Canton of Berne,Oberlangenegg,http://commons.wikimedia.org/wiki/Special:FilePath/CHE%20Oberlangenegg%20COA.svg
Canton of Berne,Oberried am Brienzersee,http://commons.wikimedia.org/wiki/Special:FilePath/CHE%20Oberried%20am%20Brienzersee%20COA.svg
Canton of Berne,Oberthal,http://commons.wikimedia.org/wiki/Special:FilePath/CHE%20Oberthal%20COA.svg
Canton of Berne,Oberwil bei Büren,http://commons.wikimedia.org/wiki/Special:FilePath/CHE%20Oberwil%20bei%20B%C3%BCren%20COA.svg
Canton of Berne,Oberwil im Simmental,http://commons.wikimedia.org/wiki/Special:FilePath/CHE%20Oberwil%20im%20Simmental%20COA.svg
Canton of Berne,Ochlenberg,http://commons.wikimedia.org/wiki/Special:FilePath/CHE%20Ochlenberg%20COA.svg
Canton of Berne,Oeschenbach,http://commons.wikimedia.org/wiki/Special:FilePath/CHE%20Oeschenbach%20COA.svg
Canton of Berne,Oppligen,http://commons.wikimedia.org/wiki/Special:FilePath/CHE%20Oppligen%20COA.svg
Canton of Berne,Orpund,http://commons.wikimedia.org/wiki/Special:FilePath/CHE%20Orpund%20COA.svg
Canton of Berne,Orvin,http://commons.wikimedia.org/wiki/Special:FilePath/CHE%20Orvin%20COA.svg
Canton of Berne,Ostermundigen,http://commons.wikimedia.org/wiki/Special:FilePath/CHE%20Ostermundigen%20COA.svg
Canton of Berne,Perrefitte,http://commons.wikimedia.org/wiki/Special:FilePath/CHE%20Perrefitte%20COA.svg
Canton of Berne,Petit-Val,http://commons.wikimedia.org/wiki/Special:FilePath/CHE%20Petit-Val%20COA.svg
Canton of Berne,Pieterlen,http://commons.wikimedia.org/wiki/Special:FilePath/CHE%20Pieterlen%20COA.svg
Canton of Berne,Plateau de Diesse,http://commons.wikimedia.org/wiki/Special:FilePath/CHE%20Plateau%20de%20Diesse%20COA.svg
Canton of Berne,Pohlern,http://commons.wikimedia.org/wiki/Special:FilePath/CHE%20Pohlern%20COA.svg
Canton of Berne,Port,http://commons.wikimedia.org/wiki/Special:FilePath/CHE%20Port%20BE%20COA.svg
Canton of Berne,Péry-La Heutte,http://commons.wikimedia.org/wiki/Special:FilePath/CHE%20P%C3%A9ry-La%20Heutte%20COA.svg
Canton of Berne,Radelfingen,http://commons.wikimedia.org/wiki/Special:FilePath/CHE%20Radelfingen%20BE%20COA.svg
Canton of Berne,Rapperswil,http://commons.wikimedia.org/wiki/Special:FilePath/CHE%20Rapperswil%20BE%20official%20COA.svg
Canton of Berne,Rebévelier,http://commons.wikimedia.org/wiki/Special:FilePath/CHE%20Reb%C3%A9velier%20COA.svg
Canton of Berne,Reconvilier,http://commons.wikimedia.org/wiki/Special:FilePath/CHE%20Reconvilier%20COA.svg
Canton of Berne,Reichenbach im Kandertal,http://commons.wikimedia.org/wiki/Special:FilePath/CHE%20Reichenbach%20im%20Kandertal%20COA.svg
Canton of Berne,Reisiswil,http://commons.wikimedia.org/wiki/Special:FilePath/CHE%20Reisiswil%20COA.svg
Canton of Berne,Renan,http://commons.wikimedia.org/wiki/Special:FilePath/CHE%20Renan%20COA.svg
Canton of Berne,Reutigen,http://commons.wikimedia.org/wiki/Special:FilePath/CHE%20Reutigen%20COA.svg
Canton of Berne,Riggisberg,http://commons.wikimedia.org/wiki/Special:FilePath/CHE%20Riggisberg%20COA.svg
Canton of Berne,Ringgenberg,http://commons.wikimedia.org/wiki/Special:FilePath/CHE%20Ringgenberg%20COA.svg
Canton of Berne,Roches,http://commons.wikimedia.org/wiki/Special:FilePath/CHE%20Roches%20COA.svg
Canton of Berne,Roggwil,http://commons.wikimedia.org/wiki/Special:FilePath/CHE%20Roggwil%20BE%20COA.svg
Canton of Berne,Rohrbach,http://commons.wikimedia.org/wiki/Special:FilePath/CHE%20Rohrbach%20COA.svg
Canton of Berne,Rohrbachgraben,http://commons.wikimedia.org/wiki/Special:FilePath/CHE%20Rohrbachgraben%20COA.svg
Canton of Berne,Romont,http://commons.wikimedia.org/wiki/Special:FilePath/CHE%20Romont%20BE%20COA.svg
Canton of Berne,Rubigen,http://commons.wikimedia.org/wiki/Special:FilePath/CHE%20Rubigen%20COA.svg
Canton of Berne,Rumendingen,http://commons.wikimedia.org/wiki/Special:FilePath/CHE%20Rumendingen%20COA.svg
Canton of Berne,Rumisberg,http://commons.wikimedia.org/wiki/Special:FilePath/CHE%20Rumisberg%20COA.svg
Canton of Berne,Röthenbach im Emmental,http://commons.wikimedia.org/wiki/Special:FilePath/CHE%20R%C3%B6thenbach%20im%20Emmental%20COA.svg
Canton of Berne,Rüderswil,http://commons.wikimedia.org/wiki/Special:FilePath/CHE%20R%C3%BCderswil%20COA.svg
Canton of Berne,Rüdtligen-Alchenflüh,http://commons.wikimedia.org/wiki/Special:FilePath/CHE%20R%C3%BCdtligen-Alchenfl%C3%BCh%20COA.svg
Canton of Berne,Rüeggisberg,http://commons.wikimedia.org/wiki/Special:FilePath/CHE%20R%C3%BCeggisberg%20COA.svg
Canton of Berne,Rüegsau,http://commons.wikimedia.org/wiki/Special:FilePath/CHE%20R%C3%BCegsau%20COA.svg
Canton of Berne,Rüschegg,http://commons.wikimedia.org/wiki/Special:FilePath/CHE%20R%C3%BCschegg%20COA.svg
Canton of Berne,Rüti bei Büren,http://commons.wikimedia.org/wiki/Special:FilePath/CHE%20R%C3%BCti%20bei%20B%C3%BCren%20COA.svg
Canton of Berne,Rüti bei Lyssach,http://commons.wikimedia.org/wiki/Special:FilePath/CHE%20R%C3%BCti%20bei%20Lyssach%20COA.svg
Canton of Berne,Rütschelen,http://commons.wikimedia.org/wiki/Special:FilePath/CHE%20R%C3%BCtschelen%20COA.svg
Canton of Berne,Saanen,http://commons.wikimedia.org/wiki/Special:FilePath/CHE%20Saanen%20COA.svg
Canton of Berne,Safnern,http://commons.wikimedia.org/wiki/Special:FilePath/CHE%20Safnern%20COA.svg
Canton of Berne,Saicourt,http://commons.wikimedia.org/wiki/Special:FilePath/CHE%20Saicourt%20COA.svg
Canton of Berne,Saint-Imier,http://commons.wikimedia.org/wiki/Special:FilePath/CHE%20Saint-Imier%20COA.svg
Canton of Berne,Sauge,http://commons.wikimedia.org/wiki/Special:FilePath/CHE%20Sauge%20COA.svg
Canton of Berne,Saules,http://commons.wikimedia.org/wiki/Special:FilePath/CHE%20Saules%20COA.svg
Canton of Berne,Saxeten,http://commons.wikimedia.org/wiki/Special:FilePath/CHE%20Saxeten%20COA.svg
Canton of Berne,Schangnau,http://commons.wikimedia.org/wiki/Special:FilePath/CHE%20Schangnau%20COA.svg
Canton of Berne,Schattenhalb,http://commons.wikimedia.org/wiki/Special:FilePath/CHE%20Schattenhalb%20COA.svg
Canton of Berne,Schelten,http://commons.wikimedia.org/wiki/Special:FilePath/CHE%20Schelten%20COA.svg
Canton of Berne,Scheuren,http://commons.wikimedia.org/wiki/Special:FilePath/CHE%20Scheuren%20COA.svg
Canton of Berne,Schwadernau,http://commons.wikimedia.org/wiki/Special:FilePath/CHE%20Schwadernau%20COA.svg
Canton of Berne,Schwanden bei Brienz,http://commons.wikimedia.org/wiki/Special:FilePath/CHE%20Schwanden%20bei%20Brienz%20COA.svg
Canton of Berne,Schwarzenburg,http://commons.wikimedia.org/wiki/Special:FilePath/CHE%20Schwarzenburg%20COA.svg
Canton of Berne,Schwarzhäusern,http://commons.wikimedia.org/wiki/Special:FilePath/CHE%20Schwarzh%C3%A4usern%20COA.svg
Canton of Berne,Schüpfen,http://commons.wikimedia.org/wiki/Special:FilePath/CHE%20Sch%C3%BCpfen%20BE%20COA.svg
Canton of Berne,Seeberg,http://commons.wikimedia.org/wiki/Special:FilePath/CHE%20Seeberg%20COA.svg
Canton of Berne,Seedorf,http://commons.wikimedia.org/wiki/Special:FilePath/CHE%20Seedorf%20BE%20COA.svg
Canton of Berne,Seehof,http://commons.wikimedia.org/wiki/Special:FilePath/CHE%20Seehof%20COA.svg
Canton of Berne,Seftigen,http://commons.wikimedia.org/wiki/Special:FilePath/CHE%20Seftigen%20COA.svg
Canton of Berne,Signau,http://commons.wikimedia.org/wiki/Special:FilePath/CHE%20Signau%20COA.svg
Canton of Berne,Sigriswil,http://commons.wikimedia.org/wiki/Special:FilePath/CHE%20Sigriswil%20COA.svg
Canton of Berne,Siselen,http://commons.wikimedia.org/wiki/Special:FilePath/CHE%20Siselen%20COA.svg
Canton of Berne,Sonceboz-Sombeval,http://commons.wikimedia.org/wiki/Special:FilePath/CHE%20Sonceboz-Sombeval%20COA.svg
Canton of Berne,Sonvilier,http://commons.wikimedia.org/wiki/Special:FilePath/CHE%20Sonvilier%20COA.svg
Canton of Berne,Sorvilier,http://commons.wikimedia.org/wiki/Special:FilePath/CHE%20Sorvilier%20COA.svg
Canton of Berne,Spiez,http://commons.wikimedia.org/wiki/Special:FilePath/CHE%20Spiez%20COA.svg
Canton of Berne,St. Stephan,http://commons.wikimedia.org/wiki/Special:FilePath/CHE%20St%20Stephan%20COA.svg
Canton of Berne,Steffisburg,http://commons.wikimedia.org/wiki/Special:FilePath/CHE%20Steffisburg%20COA.svg
Canton of Berne,Stettlen,http://commons.wikimedia.org/wiki/Special:FilePath/CHE%20Stettlen%20COA.svg
Canton of Berne,Stocken-Höfen,http://commons.wikimedia.org/wiki/Special:FilePath/CHE%20Stocken-H%C3%B6fen%20COA.svg
Canton of Berne,Studen,http://commons.wikimedia.org/wiki/Special:FilePath/CHE%20Studen%20COA.svg
Canton of Berne,Sumiswald,http://commons.wikimedia.org/wiki/Special:FilePath/CHE%20Sumiswald%20COA.svg
Canton of Berne,Sutz-Lattrigen,http://commons.wikimedia.org/wiki/Special:FilePath/CHE%20Sutz-Lattrigen%20COA.svg
Canton of Berne,Tavannes,http://commons.wikimedia.org/wiki/Special:FilePath/CHE%20Tavannes%20COA.svg
Canton of Berne,Teuffenthal,http://commons.wikimedia.org/wiki/Special:FilePath/CHE%20Teuffenthal%20COA.svg
Canton of Berne,Thierachern,http://commons.wikimedia.org/wiki/Special:FilePath/CHE%20Thierachern%20COA.svg
Canton of Berne,Thun,http://commons.wikimedia.org/wiki/Special:FilePath/CHE%20Thun%20BE%20COA.svg
Canton of Berne,Thunstetten,http://commons.wikimedia.org/wiki/Special:FilePath/CHE%20Thunstetten%20COA.svg
Canton of Berne,Thurnen,http://commons.wikimedia.org/wiki/Special:FilePath/CHE%20Thurnen%20COA.svg
Canton of Berne,Thörigen,http://commons.wikimedia.org/wiki/Special:FilePath/CHE%20Th%C3%B6rigen%20COA.svg
Canton of Berne,Toffen,http://commons.wikimedia.org/wiki/Special:FilePath/CHE%20Toffen%20COA.svg
Canton of Berne,Trachselwald,http://commons.wikimedia.org/wiki/Special:FilePath/CHE%20Trachselwald%20COA.svg
Canton of Berne,Tramelan,http://commons.wikimedia.org/wiki/Special:FilePath/CHE%20Tramelan%20COA.svg
Canton of Berne,Treiten,http://commons.wikimedia.org/wiki/Special:FilePath/CHE%20Treiten%20COA.svg
Canton of Berne,Trub,http://commons.wikimedia.org/wiki/Special:FilePath/CHE%20Trub%20COA.svg
Canton of Berne,Trubschachen,http://commons.wikimedia.org/wiki/Special:FilePath/CHE%20Trubschachen%20COA.svg
Canton of Berne,Tschugg,http://commons.wikimedia.org/wiki/Special:FilePath/CHE%20Tschugg%20COA.svg
Canton of Berne,Twann-Tüscherz,http://commons.wikimedia.org/wiki/Special:FilePath/CHE%20Twann-T%C3%BCscherz%20COA.svg
Canton of Berne,Täuffelen,http://commons.wikimedia.org/wiki/Special:FilePath/CHE%20T%C3%A4uffelen%20COA.svg
Canton of Berne,Uebeschi,http://commons.wikimedia.org/wiki/Special:FilePath/CHE%20Uebeschi%20BE%20COA.svg
Canton of Berne,Uetendorf,http://commons.wikimedia.org/wiki/Special:FilePath/CHE%20Uetendorf%20COA.svg
Canton of Berne,Unterlangenegg,http://commons.wikimedia.org/wiki/Special:FilePath/CHE%20Unterlangenegg%20COA.svg
Canton of Berne,Unterseen,http://commons.wikimedia.org/wiki/Special:FilePath/CHE%20Unterseen%20COA.svg
Canton of Berne,Ursenbach,http://commons.wikimedia.org/wiki/Special:FilePath/CHE%20Ursenbach%20COA.svg
Canton of Berne,Urtenen-Schönbühl,http://commons.wikimedia.org/wiki/Special:FilePath/CHE%20Urtenen-Sch%C3%B6nb%C3%BChl%20COA.svg
Canton of Berne,Uttigen,http://commons.wikimedia.org/wiki/Special:FilePath/CHE%20Uttigen%20COA.svg
Canton of Berne,Utzenstorf,http://commons.wikimedia.org/wiki/Special:FilePath/CHE%20Utzenstorf%20COA.svg
Canton of Berne,Valbirse,http://commons.wikimedia.org/wiki/Special:FilePath/CHE%20Valbirse%20COA.svg
Canton of Berne,Vechigen,http://commons.wikimedia.org/wiki/Special:FilePath/CHE%20Vechigen%20COA.svg
Canton of Berne,Villeret,http://commons.wikimedia.org/wiki/Special:FilePath/CHE%20Villeret%20COA.svg
Canton of Berne,Vinelz,http://commons.wikimedia.org/wiki/Special:FilePath/CHE%20Vinelz%20COA.svg
Canton of Berne,Wachseldorn,http://commons.wikimedia.org/wiki/Special:FilePath/CHE%20Wachseldorn%20COA.svg
Canton of Berne,Wald,http://commons.wikimedia.org/wiki/Special:FilePath/CHE%20Wald%20BE%20COA.svg
Canton of Berne,Walkringen,http://commons.wikimedia.org/wiki/Special:FilePath/CHE%20Walkringen%20COA.svg
Canton of Berne,Walliswil bei Niederbipp,http://commons.wikimedia.org/wiki/Special:FilePath/CHE%20Walliswil%20bei%20Niederbipp%20COA.svg
Canton of Berne,Walliswil bei Wangen,http://commons.wikimedia.org/wiki/Special:FilePath/CHE%20Walliswil%20bei%20Wangen%20COA.svg
Canton of Berne,Walperswil,http://commons.wikimedia.org/wiki/Special:FilePath/CHE%20Walperswil%20COA.svg
Canton of Berne,Walterswil,http://commons.wikimedia.org/wiki/Special:FilePath/CHE%20Walterswil%20BE%20COA.svg
Canton of Berne,Wangen an der Aare,http://commons.wikimedia.org/wiki/Special:FilePath/CHE%20Wangen%20an%20der%20Aare%20COA.svg
Canton of Berne,Wattenwil,http://commons.wikimedia.org/wiki/Special:FilePath/CHE%20Wattenwil%20COA.svg
Canton of Berne,Wengi,http://commons.wikimedia.org/wiki/Special:FilePath/CHE%20Wengi%20COA.svg
Canton of Berne,Wichtrach,http://commons.wikimedia.org/wiki/Special:FilePath/CHE%20Wichtrach%20COA.svg
Canton of Berne,Wiedlisbach,http://commons.wikimedia.org/wiki/Special:FilePath/CHE%20Wiedlisbach%20COA.svg
Canton of Berne,Wiggiswil,http://commons.wikimedia.org/wiki/Special:FilePath/CHE%20Wiggiswil%20COA.svg
Canton of Berne,Wilderswil,http://commons.wikimedia.org/wiki/Special:FilePath/CHE%20Wilderswil%20COA.svg
Canton of Berne,Wiler bei Utzenstorf,http://commons.wikimedia.org/wiki/Special:FilePath/CHE%20Wiler%20bei%20Utzenstorf%20COA.svg
Canton of Berne,Wileroltigen,http://commons.wikimedia.org/wiki/Special:FilePath/CHE%20Wileroltigen%20COA.svg
Canton of Berne,Willadingen,http://commons.wikimedia.org/wiki/Special:FilePath/CHE%20Willadingen%20COA.svg
Canton of Berne,Wimmis,http://commons.wikimedia.org/wiki/Special:FilePath/CHE%20Wimmis%20COA.svg
Canton of Berne,Wohlen bei Bern,http://commons.wikimedia.org/wiki/Special:FilePath/CHE%20Wohlen%20bei%20Bern%20COA.svg
Canton of Berne,Worb,http://commons.wikimedia.org/wiki/Special:FilePath/CHE%20Worb%20COA.svg
Canton of Berne,Worben,http://commons.wikimedia.org/wiki/Special:FilePath/CHE%20Worben%20COA.svg
Canton of Berne,Wynau,http://commons.wikimedia.org/wiki/Special:FilePath/CHE%20Wynau%20COA.svg
Canton of Berne,Wynigen,http://commons.wikimedia.org/wiki/Special:FilePath/CHE%20Wynigen%20COA.svg
Canton of Berne,Wyssachen,http://commons.wikimedia.org/wiki/Special:FilePath/CHE%20Wyssachen%20COA.svg
Canton of Berne,Zauggenried,http://commons.wikimedia.org/wiki/Special:FilePath/CHE%20Zauggenried%20COA.svg
Canton of Berne,Zielebach,http://commons.wikimedia.org/wiki/Special:FilePath/CHE%20Zielebach%20COA.svg
Canton of Berne,Zollikofen,http://commons.wikimedia.org/wiki/Special:FilePath/CHE%20Zollikofen%20COA.svg
Canton of Berne,Zuzwil,http://commons.wikimedia.org/wiki/Special:FilePath/CHE%20Zuzwil%20BE%20COA.svg
Canton of Berne,Zweisimmen,http://commons.wikimedia.org/wiki/Special:FilePath/CHE%20Zweisimmen%20COA.svg
Canton of Berne,Zäziwil,http://commons.wikimedia.org/wiki/Special:FilePath/CHE%20Z%C3%A4ziwil%20COA.svg
Canton of Fribourg,Attalens,http://commons.wikimedia.org/wiki/Special:FilePath/CHE%20Attalens%20COA.svg
Canton of Fribourg,Auboranges,http://commons.wikimedia.org/wiki/Special:FilePath/Auboranges-coat%20of%20arms.svg
Canton of Fribourg,Autigny,http://commons.wikimedia.org/wiki/Special:FilePath/CHE%20Autigny%20COA.svg
Canton of Fribourg,Avry,http://commons.wikimedia.org/wiki/Special:FilePath/CHE%20Avry%20COA.svg
Canton of Fribourg,Bas-Intyamon,http://commons.wikimedia.org/wiki/Special:FilePath/CHE%20Bas-Intyamon%20COA.svg
Canton of Fribourg,Belfaux,http://commons.wikimedia.org/wiki/Special:FilePath/CHE%20Belfaux%20COA.svg
Canton of Fribourg,Belmont-Broye,http://commons.wikimedia.org/wiki/Special:FilePath/CHE%20Belmont-Broye%20COA.svg
Canton of Fribourg,Billens-Hennens,http://commons.wikimedia.org/wiki/Special:FilePath/CHE%20Billens-Hennens%20COA.svg
Canton of Fribourg,Bois-d’Amont,http://commons.wikimedia.org/wiki/Special:FilePath/Bois-d%E2%80%99Amont-blazon.svg
Canton of Fribourg,Bossonnens,http://commons.wikimedia.org/wiki/Special:FilePath/CHE%20Bossonnens%20COA.svg
Canton of Fribourg,Botterens,http://commons.wikimedia.org/wiki/Special:FilePath/CHE%20Botterens%20COA.svg
Canton of Fribourg,Broc,http://commons.wikimedia.org/wiki/Special:FilePath/CHE%20Broc%20COA.svg
Canton of Fribourg,Brünisried,http://commons.wikimedia.org/wiki/Special:FilePath/CHE%20Br%C3%BCnisried%20COA.svg
Canton of Fribourg,Bulle,http://commons.wikimedia.org/wiki/Special:FilePath/CHE%20Bulle%20COA.svg
Canton of Fribourg,Bösingen,http://commons.wikimedia.org/wiki/Special:FilePath/CHE%20B%C3%B6singen%20COA.svg
Canton of Fribourg,Chapelle,http://commons.wikimedia.org/wiki/Special:FilePath/Chapelle%20%28Glane%29-coat%20of%20arms.svg
Canton of Fribourg,Cheyres-Châbles,http://commons.wikimedia.org/wiki/Special:FilePath/CHE%20Cheyres-Ch%C3%A2bles%20COA.svg
Canton of Fribourg,Châtel-Saint-Denis,http://commons.wikimedia.org/wiki/Special:FilePath/CHE%20Ch%C3%A2tel-Saint-Denis%20COA.svg
Canton of Fribourg,Châtel-sur-Montsalvens,http://commons.wikimedia.org/wiki/Special:FilePath/CHE%20Ch%C3%A2tel-sur-Montsalvens%20COA.svg
Canton of Fribourg,Châtillon,http://commons.wikimedia.org/wiki/Special:FilePath/Ch%C3%A2tillon.png
Canton of Fribourg,Châtonnaye,http://commons.wikimedia.org/wiki/Special:FilePath/Ch%C3%A2tonnaye-coat%20of%20arms.svg
Canton of Fribourg,Chénens,http://commons.wikimedia.org/wiki/Special:FilePath/CHE%20Ch%C3%A9nens%20COA.svg
Canton of Fribourg,Corbières,http://commons.wikimedia.org/wiki/Special:FilePath/CHE%20Corbi%C3%A8res%20COA.svg
Canton of Fribourg,Corminboeuf,http://commons.wikimedia.org/wiki/Special:FilePath/CHE%20Corminboeuf%20COA.svg
Canton of Fribourg,Cottens,http://commons.wikimedia.org/wiki/Special:FilePath/CHE%20Cottens%20FR%20COA.svg
Canton of Fribourg,Courgevaux,http://commons.wikimedia.org/wiki/Special:FilePath/CHE%20Courgevaux%20FR%20COA.svg
Canton of Fribourg,Courtepin,http://commons.wikimedia.org/wiki/Special:FilePath/Courtepin2-coat%20of%20arms.svg
Canton of Fribourg,Cressier,http://commons.wikimedia.org/wiki/Special:FilePath/CHE%20Cressier%20FR%20COA.svg
Canton of Fribourg,Crésuz,http://commons.wikimedia.org/wiki/Special:FilePath/Cr%C3%A9suz-coat%20of%20arms.svg
Canton of Fribourg,Cugy,http://commons.wikimedia.org/wiki/Special:FilePath/CHE%20Cugy%20FR%20COA.svg
Canton of Fribourg,Delley-Portalban,http://commons.wikimedia.org/wiki/Special:FilePath/CHE%20Delley-Portalban%20COA.svg
Canton of Fribourg,Domdidier,http://commons.wikimedia.org/wiki/Special:FilePath/Domdidier.jpg
Canton of Fribourg,Düdingen,http://commons.wikimedia.org/wiki/Special:FilePath/CHE%20D%C3%BCdingen%20COA.svg
Canton of Fribourg,Echarlens,http://commons.wikimedia.org/wiki/Special:FilePath/CHE%20Echarlens%20COA.svg
Canton of Fribourg,Ecublens,http://commons.wikimedia.org/wiki/Special:FilePath/CHE%20%C3%89cublens%20FR%20COA.svg
Canton of Fribourg,Estavayer,http://commons.wikimedia.org/wiki/Special:FilePath/CHE%20Estavayer%20COA.svg
Canton of Fribourg,Ferpicloz,http://commons.wikimedia.org/wiki/Special:FilePath/Ferpicloz-coat%20of%20arms.svg
Canton of Fribourg,Fribourg,http://commons.wikimedia.org/wiki/Special:FilePath/CHE%20Fribourg%20COA.svg
Canton of Fribourg,Fräschels,http://commons.wikimedia.org/wiki/Special:FilePath/CHE%20Fr%C3%A4schels%20COA.svg
Canton of Fribourg,Fétigny,http://commons.wikimedia.org/wiki/Special:FilePath/CHE%20F%C3%A9tigny%20COA.svg
Canton of Fribourg,Fétigny-Ménières,http://commons.wikimedia.org/wiki/Special:FilePath/CHE%20F%C3%A9tigny-M%C3%A9ni%C3%A8res%20COA.svg
Canton of Fribourg,Gibloux,http://commons.wikimedia.org/wiki/Special:FilePath/CHE%20Gibloux%20COA.svg
Canton of Fribourg,Giffers,http://commons.wikimedia.org/wiki/Special:FilePath/CHE%20Giffers%20COA%20Var.svg
Canton of Fribourg,Givisiez,http://commons.wikimedia.org/wiki/Special:FilePath/CHE%20Givisiez%20COA.svg
Canton of Fribourg,Gletterens,http://commons.wikimedia.org/wiki/Special:FilePath/CHE%20Gletterens%20COA.svg
Canton of Fribourg,Grandvillard,http://commons.wikimedia.org/wiki/Special:FilePath/Grandvillard-coat%20of%20arms.svg
Canton of Fribourg,Granges,http://commons.wikimedia.org/wiki/Special:FilePath/Granges-coat%20of%20arms.svg
Canton of Fribourg,Granges-Paccot,http://commons.wikimedia.org/wiki/Special:FilePath/Granges-Paccot-coat%20of%20arms.svg
Canton of Fribourg,Grangettes,http://commons.wikimedia.org/wiki/Special:FilePath/Grangettes-coat%20of%20arms.svg
Canton of Fribourg,Greng,http://commons.wikimedia.org/wiki/Special:FilePath/Wappen%20Greng.svg
Canton of Fribourg,Grolley,http://commons.wikimedia.org/wiki/Special:FilePath/CHE%20Grolley%20COA.svg
Canton of Fribourg,Grolley-Ponthaux,http://commons.wikimedia.org/wiki/Special:FilePath/CHE%20Grolley-Ponthaux%20COA.svg
Canton of Fribourg,Gruyères,http://commons.wikimedia.org/wiki/Special:FilePath/CHE%20Gruy%C3%A8res%20COA.svg
Canton of Fribourg,Gurmels,http://commons.wikimedia.org/wiki/Special:FilePath/Gurmels-coat%20of%20arms.svg
Canton of Fribourg,Guschelmuth,
Canton of Fribourg,Haut-Intyamon,http://commons.wikimedia.org/wiki/Special:FilePath/Haut-Intyamon-coat%20of%20arms.svg
Canton of Fribourg,Haut-Vully,http://commons.wikimedia.org/wiki/Special:FilePath/Haut-Vully-coat%20of%20arms.svg
Canton of Fribourg,Hauterive,http://commons.wikimedia.org/wiki/Special:FilePath/Hauterive-FR-coat%20of%20arms.svg
Canton of Fribourg,Hauteville,http://commons.wikimedia.org/wiki/Special:FilePath/Hauteville-coat%20of%20arms.svg
Canton of Fribourg,Heitenried,http://commons.wikimedia.org/wiki/Special:FilePath/CHE%20Heitenried%20COA.svg
Canton of Fribourg,Jaun,http://commons.wikimedia.org/wiki/Special:FilePath/Wappen%20Jaun.svg
Canton of Fribourg,Kerzers,http://commons.wikimedia.org/wiki/Special:FilePath/CHE%20Kerzers%20COA.svg
Canton of Fribourg,Kleinbösingen,http://commons.wikimedia.org/wiki/Special:FilePath/Kleinb%C3%B6singen-coat%20of%20arms.svg
Canton of Fribourg,La Brillaz,http://commons.wikimedia.org/wiki/Special:FilePath/CHE%20La%20Brillaz%20COA.svg
Canton of Fribourg,La Roche,http://commons.wikimedia.org/wiki/Special:FilePath/La%20Roche-coat%20of%20arms.svg
Canton of Fribourg,La Sonnaz,http://commons.wikimedia.org/wiki/Special:FilePath/La%20Sonnaz-coat%20of%20arms.svg
Canton of Fribourg,La Verrerie,http://commons.wikimedia.org/wiki/Special:FilePath/La%20Verrerie-coat%20of%20arms.svg
Canton of Fribourg,Le Châtelard,http://commons.wikimedia.org/wiki/Special:FilePath/CHE%20Le%20Ch%C3%A2telard%20FR%20COA.svg
Canton of Fribourg,Le Flon,http://commons.wikimedia.org/wiki/Special:FilePath/Le%20Flon-coat%20of%20arms.svg
Canton of Fribourg,Le Glèbe,http://commons.wikimedia.org/wiki/Special:FilePath/GW-FR-Le-Gl%C3%A8be.png
Canton of Fribourg,Le Mouret,http://commons.wikimedia.org/wiki/Special:FilePath/GW-FR-Le-Mouret.png
Canton of Fribourg,Le Pâquier,http://commons.wikimedia.org/wiki/Special:FilePath/CHE%20Le%20P%C3%A2quier%20COA.svg
Canton of Fribourg,Les Montets,http://commons.wikimedia.org/wiki/Special:FilePath/CHE%20Les%20Montets%20COA.svg
Canton of Fribourg,Lully,http://commons.wikimedia.org/wiki/Special:FilePath/CHE%20Lully%20FR%20COA.svg
Canton of Fribourg,Marly,http://commons.wikimedia.org/wiki/Special:FilePath/CHE%20Marly%20FR%20COA.svg
Canton of Fribourg,Marsens,http://commons.wikimedia.org/wiki/Special:FilePath/CHE%20Marsens%20COA.svg
Canton of Fribourg,Massonnens,http://commons.wikimedia.org/wiki/Special:FilePath/CHE%20Massonnens%20COA.svg
Canton of Fribourg,Matran,http://commons.wikimedia.org/wiki/Special:FilePath/CHE%20Matran%20COA.svg
Canton of Fribourg,Meyriez,http://commons.wikimedia.org/wiki/Special:FilePath/CHE%20Meyriez%20COA.svg
Canton of Fribourg,Misery-Courtion,http://commons.wikimedia.org/wiki/Special:FilePath/Misery-Courtion-coat%20of%20arms.svg
Canton of Fribourg,Mont-Vully,http://commons.wikimedia.org/wiki/Special:FilePath/CHE%20Mont-Vully%20COA.svg
Canton of Fribourg,Montagny,http://commons.wikimedia.org/wiki/Special:FilePath/CHE%20Montagny%20COA.svg
Canton of Fribourg,Montet,http://commons.wikimedia.org/wiki/Special:FilePath/Montet%20%28Gl%C3%A2ne%29-coat%20of%20arms.svg
Canton of Fribourg,Montévraz,
Canton of Fribourg,Morlens,
Canton of Fribourg,Morlon,http://commons.wikimedia.org/wiki/Special:FilePath/Morlon-coat%20of%20arms.svg
Canton of Fribourg,Muntelier,http://commons.wikimedia.org/wiki/Special:FilePath/Muntelier-coat%20of%20arms.svg
Canton of Fribourg,Murten,http://commons.wikimedia.org/wiki/Special:FilePath/CHE%20Murten%20FR%20COA.svg
Canton of Fribourg,Ménières,http://commons.wikimedia.org/wiki/Special:FilePath/CHE%20M%C3%A9ni%C3%A8res%20COA.svg
Canton of Fribourg,Mézières,http://commons.wikimedia.org/wiki/Special:FilePath/M%C3%A9zi%C3%A8res%20FR-2004-coat%20of%20arms.svg
Canton of Fribourg,Neyruz,http://commons.wikimedia.org/wiki/Special:FilePath/Neyruz-coat%20of%20arms.svg
Canton of Fribourg,Nuvilly,http://commons.wikimedia.org/wiki/Special:FilePath/CHE%20Nuvilly%20COA.svg
Canton of Fribourg,Pierrafortscha,http://commons.wikimedia.org/wiki/Special:FilePath/Pierrafortscha-coat%20of%20arms.svg
Canton of Fribourg,Plaffeien,http://commons.wikimedia.org/wiki/Special:FilePath/CHE%20Plaffeien%20COA.svg
Canton of Fribourg,Plasselb,http://commons.wikimedia.org/wiki/Special:FilePath/CHE%20Plasselb%20COA.svg
Canton of Fribourg,Pont-en-Ogoz,http://commons.wikimedia.org/wiki/Special:FilePath/Blason%20ville%20ch%20Pont-en-Ogoz.svg
Canton of Fribourg,Pont-la-Ville,http://commons.wikimedia.org/wiki/Special:FilePath/Pont-la-Ville-coat%20of%20arms.svg
Canton of Fribourg,Ponthaux,http://commons.wikimedia.org/wiki/Special:FilePath/CHE%20Ponthaux%20COA.svg
Canton of Fribourg,Prez,http://commons.wikimedia.org/wiki/Special:FilePath/CHE%20Prez%20COA.svg
Canton of Fribourg,Prévondavaux,http://commons.wikimedia.org/wiki/Special:FilePath/Pr%C3%A9vondavaux-coat%20of%20arms.svg
Canton of Fribourg,Rechthalten,http://commons.wikimedia.org/wiki/Special:FilePath/CHE%20Rechthalten%20COA.svg
Canton of Fribourg,Remaufens,http://commons.wikimedia.org/wiki/Special:FilePath/CHE%20Remaufens%20COA.svg
Canton of Fribourg,Riaz,http://commons.wikimedia.org/wiki/Special:FilePath/Riaz-coat%20of%20arms.svg
Canton of Fribourg,Ried bei Kerzers,http://commons.wikimedia.org/wiki/Special:FilePath/CHE%20Ried%20bei%20Kerzers%20COA.svg
Canton of Fribourg,Romont,http://commons.wikimedia.org/wiki/Special:FilePath/CHE%20Romont%20FR%20COA.svg
Canton of Fribourg,Rue,http://commons.wikimedia.org/wiki/Special:FilePath/CHE%20Rue%20COA.svg
Canton of Fribourg,Saint-Aubin,http://commons.wikimedia.org/wiki/Special:FilePath/Saint-Aubin-coat%20of%20arms.svg
Canton of Fribourg,Saint-Martin,http://commons.wikimedia.org/wiki/Special:FilePath/Besencens-Wappen.png
Canton of Fribourg,Schmitten,http://commons.wikimedia.org/wiki/Special:FilePath/CHE%20Schmitten%20FR%20COA.svg
Canton of Fribourg,Semsales,http://commons.wikimedia.org/wiki/Special:FilePath/CHE%20Semsales%20COA.svg
Canton of Fribourg,Siviriez,http://commons.wikimedia.org/wiki/Special:FilePath/GW-FR-Siviriez%20neu.png
Canton of Fribourg,Sorens,http://commons.wikimedia.org/wiki/Special:FilePath/Sorens-coat%20of%20arms.svg
Canton of Fribourg,St. Silvester,http://commons.wikimedia.org/wiki/Special:FilePath/St.%20Silvester-coat%20of%20arms.svg
Canton of Fribourg,St. Ursen,http://commons.wikimedia.org/wiki/Special:FilePath/St.%20Ursen-coat%20of%20arms.svg
Canton of Fribourg,Surpierre,http://commons.wikimedia.org/wiki/Special:FilePath/CHE%20Surpierre%20COA.svg
Canton of Fribourg,Sâles,http://commons.wikimedia.org/wiki/Special:FilePath/S%C3%A2les%20Blason.png
Canton of Fribourg,Sévaz,http://commons.wikimedia.org/wiki/Special:FilePath/CHE%20S%C3%A9vaz%20COA.svg
Canton of Fribourg,Tafers,http://commons.wikimedia.org/wiki/Special:FilePath/CHE%20Tafers%20COA.svg
Canton of Fribourg,Tentlingen,http://commons.wikimedia.org/wiki/Special:FilePath/Tentlingen-coat%20of%20arms.svg
Canton of Fribourg,Torny,http://commons.wikimedia.org/wiki/Special:FilePath/Torny-coat%20of%20arms.svg
Canton of Fribourg,Treyvaux,http://commons.wikimedia.org/wiki/Special:FilePath/Treyvaux%20arms.png
Canton of Fribourg,Ueberstorf,http://commons.wikimedia.org/wiki/Special:FilePath/Ueberstorf-blason.png
Canton of Fribourg,Ulmiz,http://commons.wikimedia.org/wiki/Special:FilePath/Ulmiz-coat%20of%20arms.svg
Canton of Fribourg,Ursy,http://commons.wikimedia.org/wiki/Special:FilePath/CHE%20Ursy%20COA.svg
Canton of Fribourg,Val-de-Charmey,http://commons.wikimedia.org/wiki/Special:FilePath/Val-de-Charmey%20Blason.png
Canton of Fribourg,Vallon,http://commons.wikimedia.org/wiki/Special:FilePath/CHE%20Vallon%20COA.svg
Canton of Fribourg,Vaulruz,http://commons.wikimedia.org/wiki/Special:FilePath/Vaulruz-coat%20of%20arms.svg
Canton of Fribourg,Vernay,http://commons.wikimedia.org/wiki/Special:FilePath/GW-FR-Vernay.png
Canton of Fribourg,Villars-sur-Glâne,http://commons.wikimedia.org/wiki/Special:FilePath/CHE%20Villars-sur-Gl%C3%A2ne%20COA.svg
Canton of Fribourg,Villarsel-sur-Marly,http://commons.wikimedia.org/wiki/Special:FilePath/Villarsel-sur-Marly-coat%20of%20arms.svg
Canton of Fribourg,Villaz,http://commons.wikimedia.org/wiki/Special:FilePath/CHE%20Villaz%20FR%20COA.svg
Canton of Fribourg,Villorsonnens,http://commons.wikimedia.org/wiki/Special:FilePath/CHE%20Villorsonnens%20COA.svg
Canton of Fribourg,Vuadens,http://commons.wikimedia.org/wiki/Special:FilePath/Vuadens-coat%20of%20arms.svg
Canton of Fribourg,Vuisternens-devant-Romont,http://commons.wikimedia.org/wiki/Special:FilePath/VuisternensDevantRomont-blazon.svg
Canton of Fribourg,Wünnewil-Flamatt,http://commons.wikimedia.org/wiki/Special:FilePath/CHE%20W%C3%BCnnewil-Flamatt%20COA.svg
Canton of Geneva,Aire-la-Ville,http://commons.wikimedia.org/wiki/Special:FilePath/CHE%20Aire-la-Ville%20COA.svg
Canton of Geneva,Anières,http://commons.wikimedia.org/wiki/Special:FilePath/CHE%20Ani%C3%A8res%20COA.svg
Canton of Geneva,Avully,http://commons.wikimedia.org/wiki/Special:FilePath/CHE%20Avully%20COA.svg
Canton of Geneva,Avusy,http://commons.wikimedia.org/wiki/Special:FilePath/CHE%20Avusy%20COA.svg
Canton of Geneva,Bardonnex,http://commons.wikimedia.org/wiki/Special:FilePath/CHE%20Bardonnex%20COA.svg
Canton of Geneva,Bellevue,http://commons.wikimedia.org/wiki/Special:FilePath/CHE%20Bellevue%20COA.svg
Canton of Geneva,Bernex,http://commons.wikimedia.org/wiki/Special:FilePath/CHE%20Bernex%20COA.svg
Canton of Geneva,Carouge,http://commons.wikimedia.org/wiki/Special:FilePath/CHE%20Carouge%20COA.svg
Canton of Geneva,Cartigny,http://commons.wikimedia.org/wiki/Special:FilePath/CHE%20Cartigny%20COA.svg
Canton of Geneva,Chancy,http://commons.wikimedia.org/wiki/Special:FilePath/CHE%20Chancy%20COA.svg
Canton of Geneva,Choulex,http://commons.wikimedia.org/wiki/Special:FilePath/CHE%20Choulex%20COA.svg
Canton of Geneva,Chêne-Bougeries,http://commons.wikimedia.org/wiki/Special:FilePath/CHE%20Ch%C3%AAne-Bougeries%20COA.svg
Canton of Geneva,Chêne-Bourg,http://commons.wikimedia.org/wiki/Special:FilePath/CHE%20Ch%C3%AAne-Bourg%20COA.svg
Canton of Geneva,Collex-Bossy,http://commons.wikimedia.org/wiki/Special:FilePath/CHE%20Collex-Bossy%20COA.svg
Canton of Geneva,Collonge-Bellerive,http://commons.wikimedia.org/wiki/Special:FilePath/CHE%20Collonge-Bellerive%20COA.svg
Canton of Geneva,Cologny,http://commons.wikimedia.org/wiki/Special:FilePath/CHE%20Cologny%20COA.svg
Canton of Geneva,Confignon,http://commons.wikimedia.org/wiki/Special:FilePath/CHE%20Confignon%20COA.svg
Canton of Geneva,Corsier,http://commons.wikimedia.org/wiki/Special:FilePath/CHE%20Corsier%20COA.svg
Canton of Geneva,Céligny,http://commons.wikimedia.org/wiki/Special:FilePath/CHE%20C%C3%A9ligny%20COA.svg
Canton of Geneva,Dardagny,http://commons.wikimedia.org/wiki/Special:FilePath/CHE%20Dardagny%20COA.svg
Canton of Geneva,Geneva,http://commons.wikimedia.org/wiki/Special:FilePath/CHE%20Gen%C3%A8ve%20COA.svg
Canton of Geneva,Genthod,http://commons.wikimedia.org/wiki/Special:FilePath/CHE%20Genthod%20COA.svg
Canton of Geneva,Gy,http://commons.wikimedia.org/wiki/Special:FilePath/CHE%20Gy%20COA.svg
Canton of Geneva,Hermance,http://commons.wikimedia.org/wiki/Special:FilePath/CHE%20Hermance%20COA.svg
Canton of Geneva,Jussy,http://commons.wikimedia.org/wiki/Special:FilePath/CHE%20Jussy%20COA.svg
Canton of Geneva,Laconnex,http://commons.wikimedia.org/wiki/Special:FilePath/CHE%20Laconnex%20COA.svg
Canton of Geneva,Lancy,http://commons.wikimedia.org/wiki/Special:FilePath/CHE%20Lancy%20COA.svg
Canton of Geneva,Le Grand-Saconnex,http://commons.wikimedia.org/wiki/Special:FilePath/CHE%20Le%20Grand-Saconnex%20COA.svg
Canton of Geneva,Meinier,http://commons.wikimedia.org/wiki/Special:FilePath/CHE%20Meinier%20COA.svg
Canton of Geneva,Meyrin,http://commons.wikimedia.org/wiki/Special:FilePath/CHE%20Meyrin%20COA.svg
Canton of Geneva,Onex,http://commons.wikimedia.org/wiki/Special:FilePath/CHE%20Onex%20COA.svg
Canton of Geneva,Perly-Certoux,http://commons.wikimedia.org/wiki/Special:FilePath/CHE%20Perly-Certoux%20COA.svg
Canton of Geneva,Plan-les-Ouates,http://commons.wikimedia.org/wiki/Special:FilePath/CHE%20Plan-les-Ouates%20COA.svg
Canton of Geneva,Pregny-Chambésy,http://commons.wikimedia.org/wiki/Special:FilePath/CHE%20Pregny-Chamb%C3%A9sy%20COA.svg
Canton of Geneva,Presinge,http://commons.wikimedia.org/wiki/Special:FilePath/CHE%20Presinge%20COA.svg
Canton of Geneva,Puplinge,http://commons.wikimedia.org/wiki/Special:FilePath/CHE%20Puplinge%20COA.svg
Canton of Geneva,Russin,http://commons.wikimedia.org/wiki/Special:FilePath/CHE%20Russin%20COA.svg
Canton of Geneva,Satigny,http://commons.wikimedia.org/wiki/Special:FilePath/CHE%20Satigny%20COA.svg
Canton of Geneva,Soral,http://commons.wikimedia.org/wiki/Special:FilePath/CHE%20Soral%20COA.svg
Canton of Geneva,Thônex,http://commons.wikimedia.org/wiki/Special:FilePath/CHE%20Th%C3%B4nex%20COA.svg
Canton of Geneva,Troinex,http://commons.wikimedia.org/wiki/Special:FilePath/CHE%20Troinex%20COA.svg
Canton of Geneva,Vandœuvres,http://commons.wikimedia.org/wiki/Special:FilePath/CHE%20Vand%C5%93uvres%20COA.svg
Canton of Geneva,Vernier,http://commons.wikimedia.org/wiki/Special:FilePath/CHE%20Vernier%20COA.svg
Canton of Geneva,Versoix,http://commons.wikimedia.org/wiki/Special:FilePath/CHE%20Versoix%20COA.svg
Canton of Geneva,Veyrier,http://commons.wikimedia.org/wiki/Special:FilePath/CHE%20Veyrier%20COA.svg
Canton of Glarus,Glarus,http://commons.wikimedia.org/wiki/Special:FilePath/CHE%20Glarus%20COA.svg
Canton of Glarus,Glarus Nord,http://commons.wikimedia.org/wiki/Special:FilePath/CHE%20Glarus%20Nord%20COA.svg
Canton of Glarus,Glarus Süd,http://commons.wikimedia.org/wiki/Special:FilePath/CHE%20Glarus%20S%C3%BCd%20COA.svg
Canton of Jura,Alle,http://commons.wikimedia.org/wiki/Special:FilePath/CHE%20Alle%20COA.svg
Canton of Jura,Basse-Allaine,http://commons.wikimedia.org/wiki/Special:FilePath/BasseAllaine-blazon.svg
Canton of Jura,Basse-Vendline,http://commons.wikimedia.org/wiki/Special:FilePath/CHE%20Basse-Vendline%20COA.svg
Canton of Jura,Beurnevésin,http://commons.wikimedia.org/wiki/Special:FilePath/Beurnev%C3%A9sin-blazon.svg
Canton of Jura,Boncourt,http://commons.wikimedia.org/wiki/Special:FilePath/Boncourt-blazon.svg
Canton of Jura,Bonfol,http://commons.wikimedia.org/wiki/Special:FilePath/Bonfol-blazon.svg
Canton of Jura,Bourrignon,http://commons.wikimedia.org/wiki/Special:FilePath/Bourrignon-blazon.svg
Canton of Jura,Boécourt,http://commons.wikimedia.org/wiki/Special:FilePath/CHE%20Bo%C3%A9court%20COA.svg
Canton of Jura,Bure,http://commons.wikimedia.org/wiki/Special:FilePath/CHE%20Bure%20COA.svg
Canton of Jura,Châtillon,http://commons.wikimedia.org/wiki/Special:FilePath/CHE%20Ch%C3%A2tillon%20COA.svg
Canton of Jura,Clos du Doubs,http://commons.wikimedia.org/wiki/Special:FilePath/ClosDuDoubs-blazon.svg
Canton of Jura,Coeuve,http://commons.wikimedia.org/wiki/Special:FilePath/Coeuve-blazon.svg
Canton of Jura,Corban,http://commons.wikimedia.org/wiki/Special:FilePath/Corban-coat%20of%20arms.svg
Canton of Jura,Cornol,http://commons.wikimedia.org/wiki/Special:FilePath/CHE%20Cornol%20COA.svg
Canton of Jura,Courchapoix,http://commons.wikimedia.org/wiki/Special:FilePath/Courchapoix-Blazono.png
Canton of Jura,Courchavon,http://commons.wikimedia.org/wiki/Special:FilePath/Courchavon-blazon.svg
Canton of Jura,Courgenay,http://commons.wikimedia.org/wiki/Special:FilePath/CHE%20Courgenay%20COA.svg
Canton of Jura,Courrendlin,http://commons.wikimedia.org/wiki/Special:FilePath/Courendlin-Blazono.png
Canton of Jura,Courroux,http://commons.wikimedia.org/wiki/Special:FilePath/Courroux-blazon.svg
Canton of Jura,Courtedoux,http://commons.wikimedia.org/wiki/Special:FilePath/Courtedoux-Blazono.png
Canton of Jura,Courtételle,http://commons.wikimedia.org/wiki/Special:FilePath/CH%20Courtetelle%20COA.svg
Canton of Jura,Damphreux-Lugnez,http://commons.wikimedia.org/wiki/Special:FilePath/CHE%20Damphreux-Lugnez%20COA.svg
Canton of Jura,Delémont,http://commons.wikimedia.org/wiki/Special:FilePath/CHE%20Del%C3%A9mont%20COA.svg
Canton of Jura,Develier,http://commons.wikimedia.org/wiki/Special:FilePath/Develier-coat%20of%20arms.svg
Canton of Jura,Ederswiler,http://commons.wikimedia.org/wiki/Special:FilePath/Ederswiler-Blazono.png
Canton of Jura,Fahy,http://commons.wikimedia.org/wiki/Special:FilePath/Fahy.Jura.CH.png
Canton of Jura,Fontenais,http://commons.wikimedia.org/wiki/Special:FilePath/Fontenais-blazon.svg
Canton of Jura,Grandfontaine,http://commons.wikimedia.org/wiki/Special:FilePath/Grandfontaine-blazon.svg
Canton of Jura,Haute-Ajoie,
Canton of Jura,Haute-Sorne,http://commons.wikimedia.org/wiki/Special:FilePath/CHE%20Haute-Sorne%20COA.svg
Canton of Jura,La Baroche,http://commons.wikimedia.org/wiki/Special:FilePath/CHE%20La%20Baroche%20COA.svg
Canton of Jura,Lajoux,http://commons.wikimedia.org/wiki/Special:FilePath/Lajoux%20Blazono.png
Canton of Jura,Le Bémont,http://commons.wikimedia.org/wiki/Special:FilePath/Le%20Bemont%20Blazono.png
Canton of Jura,Le Noirmont,http://commons.wikimedia.org/wiki/Special:FilePath/CHE%20Le%20Noirmont%20COA.svg
Canton of Jura,Les Bois,http://commons.wikimedia.org/wiki/Special:FilePath/CHE%20Les%20Bois%20COA.svg
Canton of Jura,Les Breuleux,http://commons.wikimedia.org/wiki/Special:FilePath/Les%20Breuleux-coat%20of%20arms.svg
Canton of Jura,Les Enfers,http://commons.wikimedia.org/wiki/Special:FilePath/LesEnfers-blazon.svg
Canton of Jura,Les Genevez,http://commons.wikimedia.org/wiki/Special:FilePath/CHE%20Les%20Genevez%20COA.svg
Canton of Jura,Mervelier,http://commons.wikimedia.org/wiki/Special:FilePath/Mervelier-Blazono.png
Canton of Jura,Mettembert,http://commons.wikimedia.org/wiki/Special:FilePath/CHE%20Mettembert%20COA.svg
Canton of Jura,Montfaucon,http://commons.wikimedia.org/wiki/Special:FilePath/Montfaucon%20Blazono.png
Canton of Jura,Montfavergier,http://commons.wikimedia.org/wiki/Special:FilePath/Montfavergier%20JU.png
Canton of Jura,Montmelon,http://commons.wikimedia.org/wiki/Special:FilePath/GW-JU-Montmelon.png
Canton of Jura,Moutier,http://commons.wikimedia.org/wiki/Special:FilePath/CHE%20Moutier%20COA.svg
Canton of Jura,Movelier,http://commons.wikimedia.org/wiki/Special:FilePath/Movelier-Blazono.png
Canton of Jura,Muriaux,http://commons.wikimedia.org/wiki/Special:FilePath/Muriaux-blazon.svg
Canton of Jura,Pleigne,http://commons.wikimedia.org/wiki/Special:FilePath/CHE%20Pleigne%20COA.svg
Canton of Jura,Porrentruy,http://commons.wikimedia.org/wiki/Special:FilePath/CHE%20Porrentruy%20COA.svg
Canton of Jura,Rocourt,http://commons.wikimedia.org/wiki/Special:FilePath/CHE%20Rocourt%20COA.svg
Canton of Jura,Rossemaison,http://commons.wikimedia.org/wiki/Special:FilePath/CHE%20Rossemaison%20COA.svg
Canton of Jura,Saignelégier,http://commons.wikimedia.org/wiki/Special:FilePath/Saignel%C3%A9gier-blazon.svg
Canton of Jura,Saint-Brais,http://commons.wikimedia.org/wiki/Special:FilePath/Saint-Brais-Blazono.png
Canton of Jura,Saulcy,http://commons.wikimedia.org/wiki/Special:FilePath/Saulcy%20Blazono.png
Canton of Jura,Soubey,http://commons.wikimedia.org/wiki/Special:FilePath/Soubey-Blazono.png
Canton of Jura,Soyhières,http://commons.wikimedia.org/wiki/Special:FilePath/Soyhieres-Blazono.png
Canton of Jura,Val Terbi,http://commons.wikimedia.org/wiki/Special:FilePath/Flag%20of%20Val%20Terbi.jpg
Canton of Jura,Vendlincourt,http://commons.wikimedia.org/wiki/Special:FilePath/CHE%20Vendlincourt%20COA.svg
Canton of Lucerne,Adligenswil,http://commons.wikimedia.org/wiki/Special:FilePath/CHE%20Adligenswil%20COA.png
Canton of Lucerne,Aesch,http://commons.wikimedia.org/wiki/Special:FilePath/CHE%20Aesch%20%28Luzern%29%20COA.png
Canton of Lucerne,Alberswil,http://commons.wikimedia.org/wiki/Special:FilePath/Coat%20of%20arms%20of%20Alberswil.svg
Canton of Lucerne,Altbüron,http://commons.wikimedia.org/wiki/Special:FilePath/CHE%20Altb%C3%BCron%20COA.svg
Canton of Lucerne,Altishofen,http://commons.wikimedia.org/wiki/Special:FilePath/CHE%20Altishofen%20COA.png
Canton of Lucerne,Ballwil,http://commons.wikimedia.org/wiki/Special:FilePath/CHE%20Ballwil%20COA.png
Canton of Lucerne,Beromünster,http://commons.wikimedia.org/wiki/Special:FilePath/Coat%20of%20arms%20of%20Berom%C3%BCnster.svg
Canton of Lucerne,Buchrain,http://commons.wikimedia.org/wiki/Special:FilePath/CHE%20Buchrain%20COA.png
Canton of Lucerne,Buttisholz,http://commons.wikimedia.org/wiki/Special:FilePath/Coat%20of%20arms%20of%20Buttisholz.svg
Canton of Lucerne,Büron,http://commons.wikimedia.org/wiki/Special:FilePath/CHE%20B%C3%BCron%20COA.svg
Canton of Lucerne,Dagmersellen,http://commons.wikimedia.org/wiki/Special:FilePath/CHE%20Dagmersellen%20COA.png
Canton of Lucerne,Dierikon,http://commons.wikimedia.org/wiki/Special:FilePath/CHE%20Dierikon%20COA.svg
Canton of Lucerne,Doppleschwand,http://commons.wikimedia.org/wiki/Special:FilePath/CHE%20Doppleschwand%20COA.png
Canton of Lucerne,Ebikon,http://commons.wikimedia.org/wiki/Special:FilePath/CHE%20Ebikon%20COA.png
Canton of Lucerne,Egolzwil,http://commons.wikimedia.org/wiki/Special:FilePath/CHE%20Egolzwil%20COA.svg
Canton of Lucerne,Eich,http://commons.wikimedia.org/wiki/Special:FilePath/CHE%20Eich%20COA.png
Canton of Lucerne,Emmen,http://commons.wikimedia.org/wiki/Special:FilePath/CHE%20Emmen%20COA.svg
Canton of Lucerne,Entlebuch,http://commons.wikimedia.org/wiki/Special:FilePath/CHE%20Entlebuch%20COA.svg
Canton of Lucerne,Ermensee,http://commons.wikimedia.org/wiki/Special:FilePath/CHE%20Ermensee%20COA.png
Canton of Lucerne,Eschenbach,http://commons.wikimedia.org/wiki/Special:FilePath/CHE%20Eschenbach%20%28Luzern%29%20COA.png
Canton of Lucerne,Escholzmatt-Marbach,http://commons.wikimedia.org/wiki/Special:FilePath/CHE%20Escholzmatt-Marbach%20COA.svg
Canton of Lucerne,Ettiswil,http://commons.wikimedia.org/wiki/Special:FilePath/Coat%20of%20arms%20of%20Ettiswil.svg
Canton of Lucerne,Fischbach,http://commons.wikimedia.org/wiki/Special:FilePath/CHE%20Fischbach%20LU%20COA.svg
Canton of Lucerne,Flühli,http://commons.wikimedia.org/wiki/Special:FilePath/CHE%20Fluehli%20COA.svg
Canton of Lucerne,Geuensee,http://commons.wikimedia.org/wiki/Special:FilePath/Geuensee-blazon.svg
Canton of Lucerne,Gisikon,http://commons.wikimedia.org/wiki/Special:FilePath/CHE%20Gisikon%20COA.svg
Canton of Lucerne,Greppen,http://commons.wikimedia.org/wiki/Special:FilePath/Coat%20of%20arms%20of%20Greppen.svg
Canton of Lucerne,Grossdietwil,http://commons.wikimedia.org/wiki/Special:FilePath/CHE%20Grossdietwil%20COA.png
Canton of Lucerne,Grosswangen,http://commons.wikimedia.org/wiki/Special:FilePath/CHE%20Grosswangen%20COA.png
Canton of Lucerne,Hasle,http://commons.wikimedia.org/wiki/Special:FilePath/CHE%20Hasle%20%28Luzern%29%20COA.png
Canton of Lucerne,Hergiswil bei Willisau,http://commons.wikimedia.org/wiki/Special:FilePath/CHE%20Hergiswil%20bei%20Willisau%20COA.svg
Canton of Lucerne,Hildisrieden,http://commons.wikimedia.org/wiki/Special:FilePath/Pic%20Hildisrieden.png
Canton of Lucerne,Hitzkirch,http://commons.wikimedia.org/wiki/Special:FilePath/Coat%20of%20arms%20of%20Hitzkirch.svg
Canton of Lucerne,Hochdorf,http://commons.wikimedia.org/wiki/Special:FilePath/CHE%20Hochdorf%20COA.png
Canton of Lucerne,Hohenrain,http://commons.wikimedia.org/wiki/Special:FilePath/CHE%20Hohenrain%20COA.png
Canton of Lucerne,Honau,http://commons.wikimedia.org/wiki/Special:FilePath/CHE%20Honau%20COA.png
Canton of Lucerne,Horw,http://commons.wikimedia.org/wiki/Special:FilePath/CHE%20Horw%20COA%202025.svg
Canton of Lucerne,Inwil,http://commons.wikimedia.org/wiki/Special:FilePath/Coat%20of%20arms%20of%20Inwil%20LU.svg
Canton of Lucerne,Knutwil,http://commons.wikimedia.org/wiki/Special:FilePath/Coat%20of%20arms%20of%20Knutwil.svg
Canton of Lucerne,Kriens,http://commons.wikimedia.org/wiki/Special:FilePath/CHE%20Kriens%20COA.svg
Canton of Lucerne,Lucerne,http://commons.wikimedia.org/wiki/Special:FilePath/CHE%20Luzern%20COA.svg
Canton of Lucerne,Luthern,http://commons.wikimedia.org/wiki/Special:FilePath/CHE%20Luthern%20COA.png
Canton of Lucerne,Malters,http://commons.wikimedia.org/wiki/Special:FilePath/Coat%20of%20arms%20of%20Malters.svg
Canton of Lucerne,Mauensee,http://commons.wikimedia.org/wiki/Special:FilePath/CHE%20Mauensee%20COA.svg
Canton of Lucerne,Meggen,http://commons.wikimedia.org/wiki/Special:FilePath/CHE%20Meggen%20COA.png
Canton of Lucerne,Meierskappel,http://commons.wikimedia.org/wiki/Special:FilePath/CHE%20Meierskappel%20COA.png
Canton of Lucerne,Menznau,http://commons.wikimedia.org/wiki/Special:FilePath/Coat%20of%20arms%20of%20Menznau.svg
Canton of Lucerne,Nebikon,http://commons.wikimedia.org/wiki/Special:FilePath/CHE%20Nebikon%20COA.png
Canton of Lucerne,Neuenkirch,http://commons.wikimedia.org/wiki/Special:FilePath/CHE%20Neuenkirch%20COA.svg
Canton of Lucerne,Nottwil,http://commons.wikimedia.org/wiki/Special:FilePath/Coat%20of%20arms%20of%20Nottwil.svg
Canton of Lucerne,Oberkirch,http://commons.wikimedia.org/wiki/Special:FilePath/Pic%20Oberkirch.png
Canton of Lucerne,Pfaffnau,http://commons.wikimedia.org/wiki/Special:FilePath/CHE%20Pfaffnau%20COA.svg
Canton of Lucerne,Rain,http://commons.wikimedia.org/wiki/Special:FilePath/Coat%20of%20arms%20of%20Rain%20LU.svg
Canton of Lucerne,Reiden,http://commons.wikimedia.org/wiki/Special:FilePath/Wappen%20Reiden.svg
Canton of Lucerne,Rickenbach,http://commons.wikimedia.org/wiki/Special:FilePath/CHE%20Rickenbach%20LU%20COA.svg
Canton of Lucerne,Roggliswil,http://commons.wikimedia.org/wiki/Special:FilePath/Roggliswil%20LU.png
Canton of Lucerne,Romoos,http://commons.wikimedia.org/wiki/Special:FilePath/CHE%20Romoos%20COA.png
Canton of Lucerne,Root,http://commons.wikimedia.org/wiki/Special:FilePath/CHE%20Root%20COA2.svg
Canton of Lucerne,Rothenburg,http://commons.wikimedia.org/wiki/Special:FilePath/CHE%20Rothenburg%20COA.png
Canton of Lucerne,Ruswil,http://commons.wikimedia.org/wiki/Special:FilePath/CHE%20Ruswil%20COA.png
Canton of Lucerne,Römerswil,http://commons.wikimedia.org/wiki/Special:FilePath/CHE%20Roemerswil%20COA.png
Canton of Lucerne,Schenkon,http://commons.wikimedia.org/wiki/Special:FilePath/Coat%20of%20arms%20of%20Schenkon.svg
Canton of Lucerne,Schlierbach,http://commons.wikimedia.org/wiki/Special:FilePath/Coat%20of%20arms%20of%20Schlierbach%20LU.svg
Canton of Lucerne,Schongau,http://commons.wikimedia.org/wiki/Special:FilePath/CHE%20Schongau%20COA.png
Canton of Lucerne,Schwarzenberg,http://commons.wikimedia.org/wiki/Special:FilePath/Coat%20of%20arms%20of%20Schwarzenberg%20LU.svg
Canton of Lucerne,Schötz,http://commons.wikimedia.org/wiki/Special:FilePath/Coat%20of%20arms%20of%20Sch%C3%B6tz.svg
Canton of Lucerne,Schüpfheim,http://commons.wikimedia.org/wiki/Special:FilePath/CHE%20Schuepfheim%20COA.png
Canton of Lucerne,Sempach,http://commons.wikimedia.org/wiki/Special:FilePath/CHE%20Sempach%20COA.png
Canton of Lucerne,Sursee,http://commons.wikimedia.org/wiki/Special:FilePath/Coat%20of%20arms%20of%20Sursee.svg
Canton of Lucerne,Triengen,http://commons.wikimedia.org/wiki/Special:FilePath/Triengen%20Wappen.png
Canton of Lucerne,Udligenswil,http://commons.wikimedia.org/wiki/Special:FilePath/CHE%20Udligenswil%20COA.png
Canton of Lucerne,Ufhusen,http://commons.wikimedia.org/wiki/Special:FilePath/Coat%20of%20arms%20of%20Ufhusen.svg
Canton of Lucerne,Vitznau,http://commons.wikimedia.org/wiki/Special:FilePath/CHE%20Vitznau%20COA.svg
Canton of Lucerne,Wauwil,http://commons.wikimedia.org/wiki/Special:FilePath/CHE%20Wauwil%20COA.svg
Canton of Lucerne,Weggis,http://commons.wikimedia.org/wiki/Special:FilePath/CHE%20Weggis%20COA.svg
Canton of Lucerne,Werthenstein,http://commons.wikimedia.org/wiki/Special:FilePath/Coat%20of%20arms%20of%20Werthenstein.svg
Canton of Lucerne,Wikon,http://commons.wikimedia.org/wiki/Special:FilePath/CHE%20Wikon%20COA.png
Canton of Lucerne,Willisau,http://commons.wikimedia.org/wiki/Special:FilePath/CHE%20Willisau%20COA.png
Canton of Lucerne,Wolhusen,http://commons.wikimedia.org/wiki/Special:FilePath/CHE%20Wolhusen%20COA%2003.svg
Canton of Lucerne,Zell,http://commons.wikimedia.org/wiki/Special:FilePath/CHE%20Zell%20%28Luzern%29%20COA.png
Canton of Neuchâtel,Boudry,http://commons.wikimedia.org/wiki/Special:FilePath/CHE%20Boudry%20COA.svg
Canton of Neuchâtel,Brot-Plamboz,http://commons.wikimedia.org/wiki/Special:FilePath/Brot-plamboz.png
Canton of Neuchâtel,Cornaux,http://commons.wikimedia.org/wiki/Special:FilePath/Blason%20ville%20suisse%20Cornaux%20%28Neuchatel%29.svg
Canton of Neuchâtel,Cortaillod,http://commons.wikimedia.org/wiki/Special:FilePath/Cortaillod-blazon.svg
Canton of Neuchâtel,Cressier,http://commons.wikimedia.org/wiki/Special:FilePath/Cressier%20NE-blazon.svg
Canton of Neuchâtel,Enges,http://commons.wikimedia.org/wiki/Special:FilePath/Enges.png
Canton of Neuchâtel,Hauterive,http://commons.wikimedia.org/wiki/Special:FilePath/Wappen%20Hauterive%20NE.svg
Canton of Neuchâtel,La Brévine,http://commons.wikimedia.org/wiki/Special:FilePath/La%20Br%C3%A9vine-coat%20of%20arms.svg
Canton of Neuchâtel,La Chaux-de-Fonds,http://commons.wikimedia.org/wiki/Special:FilePath/CHE%20La%20Chaux-de-Fonds%20COA.svg
Canton of Neuchâtel,La Chaux-du-Milieu,http://commons.wikimedia.org/wiki/Special:FilePath/La%20Chaux-du-Milieu-coat%20of%20arms.svg
Canton of Neuchâtel,La Côte-aux-Fées,http://commons.wikimedia.org/wiki/Special:FilePath/CHE%20La%20C%C3%B4te-aux-F%C3%A9es%20COA.svg
Canton of Neuchâtel,La Grande Béroche,http://commons.wikimedia.org/wiki/Special:FilePath/LaGrandeB%C3%A9roche-blazon.svg
Canton of Neuchâtel,La Sagne,http://commons.wikimedia.org/wiki/Special:FilePath/La%20Sagne-coat%20of%20arms.svg
Canton of Neuchâtel,La Tène,http://commons.wikimedia.org/wiki/Special:FilePath/LaT%C3%A8ne-blazon.svg
Canton of Neuchâtel,Laténa,http://commons.wikimedia.org/wiki/Special:FilePath/CHE%20Lat%C3%A9na%20COA.svg
Canton of Neuchâtel,Le Cerneux-Péquignot,http://commons.wikimedia.org/wiki/Special:FilePath/Le%20Cerneux-Pequignot-coat%20of%20arms.svg
Canton of Neuchâtel,Le Landeron,http://commons.wikimedia.org/wiki/Special:FilePath/LeLanderon-blazon.svg
Canton of Neuchâtel,Le Locle,http://commons.wikimedia.org/wiki/Special:FilePath/LeLocle-blazon.svg
Canton of Neuchâtel,Les Planchettes,http://commons.wikimedia.org/wiki/Special:FilePath/CHE%20Les%20Planchettes%20COA.svg
Canton of Neuchâtel,Les Ponts-de-Martel,http://commons.wikimedia.org/wiki/Special:FilePath/CHE%20Les%20Ponts-de-Martel%20COA.svg
Canton of Neuchâtel,Les Verrières,http://commons.wikimedia.org/wiki/Special:FilePath/CHE%20Les%20Verri%C3%A8res%20COA.svg
Canton of Neuchâtel,Lignières,http://commons.wikimedia.org/wiki/Special:FilePath/CHE%20Ligni%C3%A8res%20COA.svg
Canton of Neuchâtel,Milvignes,http://commons.wikimedia.org/wiki/Special:FilePath/Milvignes-blazon.svg
Canton of Neuchâtel,Neuchâtel,http://commons.wikimedia.org/wiki/Special:FilePath/Neuchatel%20city%20coat%20of%20arms.svg
Canton of Neuchâtel,Rochefort,http://commons.wikimedia.org/wiki/Special:FilePath/Rochefort-blazon.svg
Canton of Neuchâtel,Saint-Blaise,http://commons.wikimedia.org/wiki/Special:FilePath/CHE%20St%20Blaise%20COA.svg
Canton of Neuchâtel,Val-de-Ruz,http://commons.wikimedia.org/wiki/Special:FilePath/CHE%20Val-de-Ruz%20COA.svg
Canton of Neuchâtel,Val-de-Travers,http://commons.wikimedia.org/wiki/Special:FilePath/CHE%20Val-de-Travers%20COA.svg
Canton of Nidwalden,Beckenried,http://commons.wikimedia.org/wiki/Special:FilePath/CHE%20Beckenried%20COA.svg
Canton of Nidwalden,Buochs,http://commons.wikimedia.org/wiki/Special:FilePath/CHE%20Buochs%20COA.svg
Canton of Nidwalden,Dallenwil,http://commons.wikimedia.org/wiki/Special:FilePath/CHE%20Dallenwil%20COA.svg
Canton of Nidwalden,Emmetten,http://commons.wikimedia.org/wiki/Special:FilePath/CHE%20Emmetten%20COA.svg
Canton of Nidwalden,Ennetbürgen,http://commons.wikimedia.org/wiki/Special:FilePath/CHE%20Ennetburgen%20COA.svg
Canton of Nidwalden,Ennetmoos,http://commons.wikimedia.org/wiki/Special:FilePath/CHE%20Ennetmoos%20COA.svg
Canton of Nidwalden,Hergiswil,http://commons.wikimedia.org/wiki/Special:FilePath/CHE%20Hergiswil%20COA.svg
Canton of Nidwalden,Oberdorf,http://commons.wikimedia.org/wiki/Special:FilePath/CHE%20Oberdorf%20NW%20COA.svg
Canton of Nidwalden,Stans,http://commons.wikimedia.org/wiki/Special:FilePath/CHE%20Stans%20COA.svg
Canton of Nidwalden,Stansstad,http://commons.wikimedia.org/wiki/Special:FilePath/CHE%20Stansstad%20COA.svg
Canton of Nidwalden,Wolfenschiessen,http://commons.wikimedia.org/wiki/Special:FilePath/CHE%20Wolfenschiessen%20COA.svg
Canton of Obwalden,Alpnach,http://commons.wikimedia.org/wiki/Special:FilePath/CHE%20Alpnach%20COA.svg
Canton of Obwalden,Engelberg,http://commons.wikimedia.org/wiki/Special:FilePath/CHE%20Engelberg%20COA.svg
Canton of Obwalden,Giswil,http://commons.wikimedia.org/wiki/Special:FilePath/CHE%20Giswil%20COA.svg
Canton of Obwalden,Kerns,http://commons.wikimedia.org/wiki/Special:FilePath/CHE%20Kerns%20COA.svg
Canton of Obwalden,Lungern,http://commons.wikimedia.org/wiki/Special:FilePath/CHE%20Lungern%20COA.svg
Canton of Obwalden,Sachseln,http://commons.wikimedia.org/wiki/Special:FilePath/Sachseln-coat%20of%20arms.svg
Canton of Obwalden,Sarnen,http://commons.wikimedia.org/wiki/Special:FilePath/CHE%20Sarnen%20COA.svg
Canton of Schaffhausen,Bargen,http://commons.wikimedia.org/wiki/Special:FilePath/CHE%20Bargen%20SH%20COA.svg
Canton of Schaffhausen,Beggingen,http://commons.wikimedia.org/wiki/Special:FilePath/Beggingen-blazon.svg
Canton of Schaffhausen,Beringen,http://commons.wikimedia.org/wiki/Special:FilePath/Wappen%20Beringen.png
Canton of Schaffhausen,Buch,http://commons.wikimedia.org/wiki/Special:FilePath/Wappen%20Buch.png
Canton of Schaffhausen,Buchberg,http://commons.wikimedia.org/wiki/Special:FilePath/Buchberg-blazon.svg
Canton of Schaffhausen,Büttenhardt,http://commons.wikimedia.org/wiki/Special:FilePath/Wappen%20B%C3%BCttenhardt.png
Canton of Schaffhausen,Dörflingen,http://commons.wikimedia.org/wiki/Special:FilePath/D%C3%B6rflingen-blazon.svg
Canton of Schaffhausen,Gächlingen,http://commons.wikimedia.org/wiki/Special:FilePath/CHE%20G%C3%A4chlingen%20COA.svg
Canton of Schaffhausen,Hallau,http://commons.wikimedia.org/wiki/Special:FilePath/Hallau-blazon.svg
Canton of Schaffhausen,Hemishofen,http://commons.wikimedia.org/wiki/Special:FilePath/Hemishofen-blazon.svg
Canton of Schaffhausen,Lohn,http://commons.wikimedia.org/wiki/Special:FilePath/Wappen%20Lohn.png
Canton of Schaffhausen,Löhningen,http://commons.wikimedia.org/wiki/Special:FilePath/CHE%20L%C3%B6hningen%20COA.svg
Canton of Schaffhausen,Merishausen,http://commons.wikimedia.org/wiki/Special:FilePath/Merishausen-blazon.svg
Canton of Schaffhausen,Neuhausen am Rheinfall,http://commons.wikimedia.org/wiki/Special:FilePath/Neuhausen%20am%20Rheinfall-coat%20of%20arms.svg
Canton of Schaffhausen,Neunkirch,http://commons.wikimedia.org/wiki/Special:FilePath/Wappen%20Neunkirch.png
Canton of Schaffhausen,Oberhallau,http://commons.wikimedia.org/wiki/Special:FilePath/Oberhallau-blazon.svg
Canton of Schaffhausen,Ramsen,http://commons.wikimedia.org/wiki/Special:FilePath/Ramsen-blazon.svg
Canton of Schaffhausen,Rüdlingen,http://commons.wikimedia.org/wiki/Special:FilePath/R%C3%BCdlingen-blazon.svg
Canton of Schaffhausen,Schaffhausen,http://commons.wikimedia.org/wiki/Special:FilePath/Schaffhausen-coat%20of%20arms.svg
Canton of Schaffhausen,Schleitheim,http://commons.wikimedia.org/wiki/Special:FilePath/CHE%20Schleitheim%20COA.svg
Canton of Schaffhausen,Siblingen,http://commons.wikimedia.org/wiki/Special:FilePath/Wappen%20Siblingen.png
Canton of Schaffhausen,Stein am Rhein,http://commons.wikimedia.org/wiki/Special:FilePath/Stein%20am%20Rhein-coat%20of%20arms.svg
Canton of Schaffhausen,Stetten,http://commons.wikimedia.org/wiki/Special:FilePath/Stetten%20SH-blazon.svg
Canton of Schaffhausen,Thayngen,http://commons.wikimedia.org/wiki/Special:FilePath/Thayngen%20Wappen.svg
Canton of Schaffhausen,Trasadingen,http://commons.wikimedia.org/wiki/Special:FilePath/Wappen%20Trasadingen.png
Canton of Schaffhausen,Wilchingen,http://commons.wikimedia.org/wiki/Special:FilePath/Wappen%20Wilchingen.png
Canton of Schwyz,Alpthal,http://commons.wikimedia.org/wiki/Special:FilePath/CHE%20Alpthal%20COA.svg
Canton of Schwyz,Altendorf,http://commons.wikimedia.org/wiki/Special:FilePath/Altendorf%20SZ-blazon.svg
Canton of Schwyz,Arth,http://commons.wikimedia.org/wiki/Special:FilePath/CHE%20Arth%20COA.svg
Canton of Schwyz,Einsiedeln,http://commons.wikimedia.org/wiki/Special:FilePath/Einsiedeln-coat%20of%20arms.svg
Canton of Schwyz,Feusisberg,http://commons.wikimedia.org/wiki/Special:FilePath/Feusisberg-blazon.svg
Canton of Schwyz,Freienbach,http://commons.wikimedia.org/wiki/Special:FilePath/CHE%20Freienbach%20SZ%20COA.svg
Canton of Schwyz,Galgenen,http://commons.wikimedia.org/wiki/Special:FilePath/CHE%20Galgenen%20COA.svg
Canton of Schwyz,Gersau,http://commons.wikimedia.org/wiki/Special:FilePath/Wappen%20Gersau.svg
Canton of Schwyz,Illgau,http://commons.wikimedia.org/wiki/Special:FilePath/Illgau-blazon.svg
Canton of Schwyz,Ingenbohl,http://commons.wikimedia.org/wiki/Special:FilePath/Ingenbohl-blazon.svg
Canton of Schwyz,Innerthal,http://commons.wikimedia.org/wiki/Special:FilePath/Innerthal-blazon.svg
Canton of Schwyz,Küssnacht,http://commons.wikimedia.org/wiki/Special:FilePath/CHE%20K%C3%BCssnacht%20COA.svg
Canton of Schwyz,Lachen,http://commons.wikimedia.org/wiki/Special:FilePath/Lachen%20SZ-blazon.svg
Canton of Schwyz,Lauerz,http://commons.wikimedia.org/wiki/Special:FilePath/Lauerz-blazon.svg
Canton of Schwyz,Morschach,http://commons.wikimedia.org/wiki/Special:FilePath/Morschach-blazon.svg
Canton of Schwyz,Muotathal,http://commons.wikimedia.org/wiki/Special:FilePath/Muotathal-blazon.svg
Canton of Schwyz,Oberiberg,http://commons.wikimedia.org/wiki/Special:FilePath/Oberiberg-blazon.svg
Canton of Schwyz,Reichenburg,http://commons.wikimedia.org/wiki/Special:FilePath/Reichenburg-blazon.svg
Canton of Schwyz,Riemenstalden,http://commons.wikimedia.org/wiki/Special:FilePath/Riemenstalden-blazon.svg
Canton of Schwyz,Rothenthurm,http://commons.wikimedia.org/wiki/Special:FilePath/CHE%20Rothenthurm%20COA.svg
Canton of Schwyz,Sattel,http://commons.wikimedia.org/wiki/Special:FilePath/Sattel-blazon.svg
Canton of Schwyz,Schwyz,http://commons.wikimedia.org/wiki/Special:FilePath/CHE%20Schwyz%20SZ%20COA.svg
Canton of Schwyz,Schübelbach,http://commons.wikimedia.org/wiki/Special:FilePath/Sch%C3%BCbelbach-blazon.svg
Canton of Schwyz,Steinen,http://commons.wikimedia.org/wiki/Special:FilePath/Steinen%20SZ-blazon.svg
Canton of Schwyz,Steinerberg,http://commons.wikimedia.org/wiki/Special:FilePath/Steinerberg-blazon.svg
Canton of Schwyz,Tuggen,http://commons.wikimedia.org/wiki/Special:FilePath/Tuggen-blazon.svg
Canton of Schwyz,Unteriberg,http://commons.wikimedia.org/wiki/Special:FilePath/Unteriberg-blazon.svg
Canton of Schwyz,Vorderthal,http://commons.wikimedia.org/wiki/Special:FilePath/CHE%20Vorderthal%20COA.svg
Canton of Schwyz,Wangen,http://commons.wikimedia.org/wiki/Special:FilePath/Wangen%20SZ-blazon.svg
Canton of Schwyz,Wollerau,http://commons.wikimedia.org/wiki/Special:FilePath/CHE%20Wollerau%20COA.svg
Canton of Solothurn,Aedermannsdorf,http://commons.wikimedia.org/wiki/Special:FilePath/Aedermannsdorf-blazon.svg
Canton of Solothurn,Aeschi,http://commons.wikimedia.org/wiki/Special:FilePath/Aeschi%20SO-blazon.svg
Canton of Solothurn,Balm bei Günsberg,http://commons.wikimedia.org/wiki/Special:FilePath/BalmBeiG%C3%BCnsberg-blazon.svg
Canton of Solothurn,Balsthal,http://commons.wikimedia.org/wiki/Special:FilePath/Balsthal-blazon.svg
Canton of Solothurn,Beinwil,http://commons.wikimedia.org/wiki/Special:FilePath/Beinwil%20SO-blazon.svg
Canton of Solothurn,Bellach,http://commons.wikimedia.org/wiki/Special:FilePath/Bellach-blason.png
Canton of Solothurn,Bettlach,http://commons.wikimedia.org/wiki/Special:FilePath/Bettlach-blazon.svg
Canton of Solothurn,Biberist,http://commons.wikimedia.org/wiki/Special:FilePath/Biberist-blazon.svg
Canton of Solothurn,Biezwil,http://commons.wikimedia.org/wiki/Special:FilePath/Biezwil-blazon.svg
Canton of Solothurn,Bolken,http://commons.wikimedia.org/wiki/Special:FilePath/Bolken-blazon.svg
Canton of Solothurn,Boningen,http://commons.wikimedia.org/wiki/Special:FilePath/Boningen-blazon.svg
Canton of Solothurn,Breitenbach,http://commons.wikimedia.org/wiki/Special:FilePath/Breitenbach-blason.png
Canton of Solothurn,Buchegg,http://commons.wikimedia.org/wiki/Special:FilePath/Buchegg-blazon.svg
Canton of Solothurn,Bärschwil,http://commons.wikimedia.org/wiki/Special:FilePath/B%C3%A4rschwil-blazon.svg
Canton of Solothurn,Bättwil,http://commons.wikimedia.org/wiki/Special:FilePath/B%C3%A4ttwil-blazon.svg
Canton of Solothurn,Büren,http://commons.wikimedia.org/wiki/Special:FilePath/B%C3%BCren%20SO-blazon.svg
Canton of Solothurn,Büsserach,http://commons.wikimedia.org/wiki/Special:FilePath/Buesserach-blason.png
Canton of Solothurn,Deitingen,http://commons.wikimedia.org/wiki/Special:FilePath/Deitingen-blazon.svg
Canton of Solothurn,Derendingen,http://commons.wikimedia.org/wiki/Special:FilePath/Derendingen-blazon.svg
Canton of Solothurn,Dornach,http://commons.wikimedia.org/wiki/Special:FilePath/CHE%20Dornach%20SO%20COA.svg
Canton of Solothurn,Drei Höfe,http://commons.wikimedia.org/wiki/Special:FilePath/DreiH%C3%B6fe-blazon.svg
Canton of Solothurn,Dulliken,http://commons.wikimedia.org/wiki/Special:FilePath/Dulliken-blason.png
Canton of Solothurn,Däniken,http://commons.wikimedia.org/wiki/Special:FilePath/D%C3%A4niken-blazon.svg
Canton of Solothurn,Egerkingen,http://commons.wikimedia.org/wiki/Special:FilePath/Egerkingen-blazon.svg
Canton of Solothurn,Eppenberg-Wöschnau,http://commons.wikimedia.org/wiki/Special:FilePath/EppenbergW%C3%B6schnau-blazon.svg
Canton of Solothurn,Erlinsbach,http://commons.wikimedia.org/wiki/Special:FilePath/Erlinsbach%20SO-blazon.svg
Canton of Solothurn,Erschwil,http://commons.wikimedia.org/wiki/Special:FilePath/Erschwil-blason.png
Canton of Solothurn,Etziken,http://commons.wikimedia.org/wiki/Special:FilePath/Etziken-blazon.svg
Canton of Solothurn,Fehren,http://commons.wikimedia.org/wiki/Special:FilePath/Fehren-blason.png
Canton of Solothurn,Feldbrunnen-St. Niklaus,http://commons.wikimedia.org/wiki/Special:FilePath/FeldbrunnenStNiklaus-blazon.svg
Canton of Solothurn,Flumenthal,http://commons.wikimedia.org/wiki/Special:FilePath/Flumenthal-blason.png
Canton of Solothurn,Fulenbach,http://commons.wikimedia.org/wiki/Special:FilePath/Fulenbach-blazon.svg
Canton of Solothurn,Gempen,http://commons.wikimedia.org/wiki/Special:FilePath/Gempen-blason.png
Canton of Solothurn,Gerlafingen,http://commons.wikimedia.org/wiki/Special:FilePath/CHE%20Gerlafingen%20COA.svg
Canton of Solothurn,Grenchen,http://commons.wikimedia.org/wiki/Special:FilePath/Grenchen-blazon.svg
Canton of Solothurn,Gretzenbach,http://commons.wikimedia.org/wiki/Special:FilePath/Gretzenbach-blason.png
Canton of Solothurn,Grindel,http://commons.wikimedia.org/wiki/Special:FilePath/Grindel-blazon.svg
Canton of Solothurn,Gunzgen,http://commons.wikimedia.org/wiki/Special:FilePath/Gunzgen-blazon.svg
Canton of Solothurn,Günsberg,http://commons.wikimedia.org/wiki/Special:FilePath/CHE%20G%C3%BCnsberg%20COA.svg
Canton of Solothurn,Halten,http://commons.wikimedia.org/wiki/Special:FilePath/Halten-blazon.svg
Canton of Solothurn,Hauenstein-Ifenthal,http://commons.wikimedia.org/wiki/Special:FilePath/Hauenstein-Ifenthal-blason.png
Canton of Solothurn,Herbetswil,http://commons.wikimedia.org/wiki/Special:FilePath/Herbetswil-blazon.svg
Canton of Solothurn,Himmelried,http://commons.wikimedia.org/wiki/Special:FilePath/CHE%20Himmelried%20COA.svg
Canton of Solothurn,Hochwald,http://commons.wikimedia.org/wiki/Special:FilePath/Hochwald-blason.png
Canton of Solothurn,Hofstetten-Flüh,http://commons.wikimedia.org/wiki/Special:FilePath/HofstettenFl%C3%BCh-blazon.svg
Canton of Solothurn,Holderbank,http://commons.wikimedia.org/wiki/Special:FilePath/CHE%20Holderbank%20SO%20CHE.svg
Canton of Solothurn,Horriwil,http://commons.wikimedia.org/wiki/Special:FilePath/Horriwil-blazon.svg
Canton of Solothurn,Hubersdorf,http://commons.wikimedia.org/wiki/Special:FilePath/Hubersdorf-blason.png
Canton of Solothurn,Hägendorf,http://commons.wikimedia.org/wiki/Special:FilePath/H%C3%A4gendorf-blazon.svg
Canton of Solothurn,Härkingen,http://commons.wikimedia.org/wiki/Special:FilePath/CHE%20H%C3%A4rkingen%20COA.svg
Canton of Solothurn,Hüniken,http://commons.wikimedia.org/wiki/Special:FilePath/H%C3%BCniken-blazon.svg
Canton of Solothurn,Kammersrohr,http://commons.wikimedia.org/wiki/Special:FilePath/Kammersrohr-blason.svg
Canton of Solothurn,Kappel,http://commons.wikimedia.org/wiki/Special:FilePath/CHE%20Kappel%20SO%20COA.svg
Canton of Solothurn,Kestenholz,http://commons.wikimedia.org/wiki/Special:FilePath/CHE%20Kestenholz%20COA.svg
Canton of Solothurn,Kienberg,http://commons.wikimedia.org/wiki/Special:FilePath/Coat%20of%20arms%20of%20Kienberg%20SO.svg
Canton of Solothurn,Kleinlützel,http://commons.wikimedia.org/wiki/Special:FilePath/CHE%20Kleinl%C3%BCtzel%20COA.svg
Canton of Solothurn,Kriegstetten,http://commons.wikimedia.org/wiki/Special:FilePath/Kriegstetten-blazon.svg
Canton of Solothurn,Langendorf,http://commons.wikimedia.org/wiki/Special:FilePath/Langendorf-blason.png
Canton of Solothurn,Laupersdorf,http://commons.wikimedia.org/wiki/Special:FilePath/Laupersdorf-blazon.svg
Canton of Solothurn,Lohn-Ammannsegg,http://commons.wikimedia.org/wiki/Special:FilePath/CHE%20Lohn-Ammannsegg%20COA.svg
Canton of Solothurn,Lommiswil,http://commons.wikimedia.org/wiki/Special:FilePath/Lommiswil-blazon.svg
Canton of Solothurn,Lostorf,http://commons.wikimedia.org/wiki/Special:FilePath/Lostorf-blazon.svg
Canton of Solothurn,Luterbach,http://commons.wikimedia.org/wiki/Special:FilePath/CHE%20Luterbach%20COA.svg
Canton of Solothurn,Lüsslingen-Nennigkofen,http://commons.wikimedia.org/wiki/Special:FilePath/Luesslingen-Nennigkofen-Blazono.png
Canton of Solothurn,Lüterkofen-Ichertswil,http://commons.wikimedia.org/wiki/Special:FilePath/L%C3%BCterkofenIchertswil-blazon.svg
Canton of Solothurn,Matzendorf,http://commons.wikimedia.org/wiki/Special:FilePath/Matzendorf-blazon.svg
Canton of Solothurn,Meltingen,http://commons.wikimedia.org/wiki/Special:FilePath/Meltingen-blason.png
Canton of Solothurn,Messen,http://commons.wikimedia.org/wiki/Special:FilePath/Messen-blason.png
Canton of Solothurn,Messen,http://commons.wikimedia.org/wiki/Special:FilePath/Messen-blazon.svg
Canton of Solothurn,Metzerlen-Mariastein,http://commons.wikimedia.org/wiki/Special:FilePath/Coat%20of%20arms%20of%20Metzerlen-Mariastein.svg
Canton of Solothurn,Mümliswil-Ramiswil,http://commons.wikimedia.org/wiki/Special:FilePath/M%C3%BCmliswilRamiswil-blazon.svg
Canton of Solothurn,Neuendorf,http://commons.wikimedia.org/wiki/Special:FilePath/Neuendorf%20SO-blazon.svg
Canton of Solothurn,Niederbuchsiten,http://commons.wikimedia.org/wiki/Special:FilePath/Niederbuchsiten-blazon.svg
Canton of Solothurn,Niedergösgen,http://commons.wikimedia.org/wiki/Special:FilePath/CHE%20Niederg%C3%B6sgen%20COA.svg
Canton of Solothurn,Nuglar-St. Pantaleon,http://commons.wikimedia.org/wiki/Special:FilePath/CHE%20Nuglar-St.%20Pantaleon%20COA.svg
Canton of Solothurn,Nunningen,http://commons.wikimedia.org/wiki/Special:FilePath/Nunningen-blason.png
Canton of Solothurn,Oberbuchsiten,http://commons.wikimedia.org/wiki/Special:FilePath/Oberbuchsiten-blazon.svg
Canton of Solothurn,Oberdorf,http://commons.wikimedia.org/wiki/Special:FilePath/Oberdorf-blason.png
Canton of Solothurn,Obergerlafingen,http://commons.wikimedia.org/wiki/Special:FilePath/CHE%20Obergerlafingen%20COA.svg
Canton of Solothurn,Obergösgen,http://commons.wikimedia.org/wiki/Special:FilePath/Oberg%C3%B6sgen-blazon.svg
Canton of Solothurn,Oekingen,http://commons.wikimedia.org/wiki/Special:FilePath/CHE%20Oekingen%20COA.svg
Canton of Solothurn,Oensingen,http://commons.wikimedia.org/wiki/Special:FilePath/Oensingen-blazon.svg
Canton of Solothurn,Olten,http://commons.wikimedia.org/wiki/Special:FilePath/Olten-blason.svg
Canton of Solothurn,Recherswil,http://commons.wikimedia.org/wiki/Special:FilePath/CHE%20Recherswil%20COA.svg
Canton of Solothurn,Rickenbach,http://commons.wikimedia.org/wiki/Special:FilePath/Rickenbach-blason.png
Canton of Solothurn,Riedholz,http://commons.wikimedia.org/wiki/Special:FilePath/Riedholz-blazon.svg
Canton of Solothurn,Rodersdorf,http://commons.wikimedia.org/wiki/Special:FilePath/Rodersdorf-blazon.svg
Canton of Solothurn,Rüttenen,http://commons.wikimedia.org/wiki/Special:FilePath/R%C3%BCttenen-blazon.svg
Canton of Solothurn,Schnottwil,http://commons.wikimedia.org/wiki/Special:FilePath/Schnottwil-blazon.svg
Canton of Solothurn,Schönenwerd,http://commons.wikimedia.org/wiki/Special:FilePath/CHE%20Sch%C3%B6nenwerd%20COA.svg
Canton of Solothurn,Seewen,http://commons.wikimedia.org/wiki/Special:FilePath/CHE%20Seewen%20SO%20COA.svg
Canton of Solothurn,Selzach,http://commons.wikimedia.org/wiki/Special:FilePath/CHE%20Selzach%20COA.svg
Canton of Solothurn,Solothurn,http://commons.wikimedia.org/wiki/Special:FilePath/Coat%20of%20arms%20of%20Solothurn.svg
Canton of Solothurn,Starrkirch-Wil,http://commons.wikimedia.org/wiki/Special:FilePath/Starrkirch-Wil-blason.png
Canton of Solothurn,Stüsslingen,http://commons.wikimedia.org/wiki/Special:FilePath/CHE%20St%C3%BCsslingen%20COA.svg
Canton of Solothurn,Subingen,http://commons.wikimedia.org/wiki/Special:FilePath/Subingen-blason.png
Canton of Solothurn,Trimbach,http://commons.wikimedia.org/wiki/Special:FilePath/Trimbach-blazon.svg
Canton of Solothurn,Unterramsern,http://commons.wikimedia.org/wiki/Special:FilePath/Unterramsern-blazon.svg
Canton of Solothurn,Walterswil,http://commons.wikimedia.org/wiki/Special:FilePath/CHE%20Walterswil%20SO%20COA.svg
Canton of Solothurn,Wangen bei Olten,http://commons.wikimedia.org/wiki/Special:FilePath/Wangen%20bO-blason.png
Canton of Solothurn,Welschenrohr-Gänsbrunnen,http://commons.wikimedia.org/wiki/Special:FilePath/Welschenrohr-blazon.svg
Canton of Solothurn,Winznau,http://commons.wikimedia.org/wiki/Special:FilePath/Winznau-blazon.svg
Canton of Solothurn,Wisen,http://commons.wikimedia.org/wiki/Special:FilePath/Wisen-blazon.svg
Canton of Solothurn,Witterswil,http://commons.wikimedia.org/wiki/Special:FilePath/Witterswil-blazon.svg
Canton of Solothurn,Wolfwil,http://commons.wikimedia.org/wiki/Special:FilePath/Wolfwil-blason.svg
Canton of Solothurn,Zuchwil,http://commons.wikimedia.org/wiki/Special:FilePath/Zuchwil-blazon.svg
Canton of Solothurn,Zullwil,http://commons.wikimedia.org/wiki/Special:FilePath/Zullwil-blazon.svg
Canton of St. Gallen,Altstätten,http://commons.wikimedia.org/wiki/Special:FilePath/CHE%20Altst%C3%A4tten%20SG%20COA.svg
Canton of St. Gallen,Amden,http://commons.wikimedia.org/wiki/Special:FilePath/Amden-blazon.svg
Canton of St. Gallen,Andwil,http://commons.wikimedia.org/wiki/Special:FilePath/Andwil%20SG-blazon.svg
Canton of St. Gallen,Au,http://commons.wikimedia.org/wiki/Special:FilePath/Wappen%20Au%20Kanton%20St.%20Gallen.svg
Canton of St. Gallen,Bad Ragaz,http://commons.wikimedia.org/wiki/Special:FilePath/BadRagaz-blazon.svg
Canton of St. Gallen,Balgach,http://commons.wikimedia.org/wiki/Special:FilePath/Balgach-blazon.svg
Canton of St. Gallen,Benken,http://commons.wikimedia.org/wiki/Special:FilePath/Benken%20SG-blazon.svg
Canton of St. Gallen,Berg,http://commons.wikimedia.org/wiki/Special:FilePath/Berg%20SG-blazon.svg
Canton of St. Gallen,Berneck,http://commons.wikimedia.org/wiki/Special:FilePath/Berneck-blazon.svg
Canton of St. Gallen,Buchs,http://commons.wikimedia.org/wiki/Special:FilePath/CHE%20Buchs%20SG%20COA.svg
Canton of St. Gallen,Bütschwil-Ganterschwil,http://commons.wikimedia.org/wiki/Special:FilePath/CHE%20B%C3%BCtschwil-Ganterschwil%20COA.svg
Canton of St. Gallen,Degersheim,http://commons.wikimedia.org/wiki/Special:FilePath/CHE%20Degersheim%20COA.svg
Canton of St. Gallen,Diepoldsau,http://commons.wikimedia.org/wiki/Special:FilePath/Coat%20Diepoldsau.gif
Canton of St. Gallen,Ebnat-Kappel,http://commons.wikimedia.org/wiki/Special:FilePath/EbnatKappel-blazon.svg
Canton of St. Gallen,Eggersriet,http://commons.wikimedia.org/wiki/Special:FilePath/Eggersriet-blazon.svg
Canton of St. Gallen,Eichberg,http://commons.wikimedia.org/wiki/Special:FilePath/CHE%20Eichberg%20COA.svg
Canton of St. Gallen,Eschenbach,http://commons.wikimedia.org/wiki/Special:FilePath/Eschenbach%20SG-blazon.svg
Canton of St. Gallen,Flawil,http://commons.wikimedia.org/wiki/Special:FilePath/Wappen%20Flawil.svg
Canton of St. Gallen,Flums,http://commons.wikimedia.org/wiki/Special:FilePath/Flums-blazon.svg
Canton of St. Gallen,Gaiserwald,http://commons.wikimedia.org/wiki/Special:FilePath/Gaiserwald-blazon.svg
Canton of St. Gallen,Gams,http://commons.wikimedia.org/wiki/Special:FilePath/Gams-blazon.svg
Canton of St. Gallen,Goldach,http://commons.wikimedia.org/wiki/Special:FilePath/Goldach-blazon.svg
Canton of St. Gallen,Gommiswald,http://commons.wikimedia.org/wiki/Special:FilePath/CHE%20Gommiswald%20COA.svg
Canton of St. Gallen,Gossau,http://commons.wikimedia.org/wiki/Special:FilePath/Gossau%20SG-blazon.svg
Canton of St. Gallen,Grabs,http://commons.wikimedia.org/wiki/Special:FilePath/Grabs-blazon.svg
Canton of St. Gallen,Hemberg,http://commons.wikimedia.org/wiki/Special:FilePath/CHE%20Hemberg%20COA.svg
Canton of St. Gallen,Henau,
Canton of St. Gallen,Häggenschwil,http://commons.wikimedia.org/wiki/Special:FilePath/H%C3%A4ggenschwil-blazon.svg
Canton of St. Gallen,Jonschwil,http://commons.wikimedia.org/wiki/Special:FilePath/Jonschwil-blazon.svg
Canton of St. Gallen,Kaltbrunn,http://commons.wikimedia.org/wiki/Special:FilePath/Kaltbrunn-blazon.svg
Canton of St. Gallen,Kirchberg,http://commons.wikimedia.org/wiki/Special:FilePath/Kirchberg%20SG-blazon.svg
Canton of St. Gallen,Lichtensteig,http://commons.wikimedia.org/wiki/Special:FilePath/Wappen%20Lichtensteig.svg
Canton of St. Gallen,Lütisburg,http://commons.wikimedia.org/wiki/Special:FilePath/Wappen%20L%C3%BCtisburg.svg
Canton of St. Gallen,Marbach,http://commons.wikimedia.org/wiki/Special:FilePath/Marbach-blazon.svg
Canton of St. Gallen,Mels,http://commons.wikimedia.org/wiki/Special:FilePath/CHE%20Mels%20COA.svg
Canton of St. Gallen,Mosnang,http://commons.wikimedia.org/wiki/Special:FilePath/Mosnang-blazon.svg
Canton of St. Gallen,Muolen,http://commons.wikimedia.org/wiki/Special:FilePath/Muolen-coat%20of%20arms.svg
Canton of St. Gallen,Mörschwil,http://commons.wikimedia.org/wiki/Special:FilePath/M%C3%B6rschwil-blazon.svg
Canton of St. Gallen,Neckertal,http://commons.wikimedia.org/wiki/Special:FilePath/CHE%20Neckertal%20COA.svg
Canton of St. Gallen,Nesslau,http://commons.wikimedia.org/wiki/Special:FilePath/Nesslau-blazon.svg
Canton of St. Gallen,Niederbüren,http://commons.wikimedia.org/wiki/Special:FilePath/Niederb%C3%BCren-blazon.svg
Canton of St. Gallen,Niederhelfenschwil,http://commons.wikimedia.org/wiki/Special:FilePath/Niederhelfenschwil-blazon.svg
Canton of St. Gallen,Oberbüren,http://commons.wikimedia.org/wiki/Special:FilePath/Oberb%C3%BCren-blazon.svg
Canton of St. Gallen,Oberhelfenschwil,http://commons.wikimedia.org/wiki/Special:FilePath/Wappen%20Oberhelfenschwil.svg
Canton of St. Gallen,Oberriet,http://commons.wikimedia.org/wiki/Special:FilePath/Oberriet-blazon.svg
Canton of St. Gallen,Oberuzwil,http://commons.wikimedia.org/wiki/Special:FilePath/Oberuzwil-coat%20of%20arms.svg
Canton of St. Gallen,Pfäfers,http://commons.wikimedia.org/wiki/Special:FilePath/Pf%C3%A4fers-blazon.svg
Canton of St. Gallen,Quarten,http://commons.wikimedia.org/wiki/Special:FilePath/Quarten-blazon.svg
Canton of St. Gallen,Rapperswil-Jona,http://commons.wikimedia.org/wiki/Special:FilePath/Rapperswil-Jona%20CoA.svg
Canton of St. Gallen,Rebstein,http://commons.wikimedia.org/wiki/Special:FilePath/Rebstein-blazon.svg
Canton of St. Gallen,Rheineck,http://commons.wikimedia.org/wiki/Special:FilePath/Rheineck-coat%20of%20arms.svg
Canton of St. Gallen,Rorschach,http://commons.wikimedia.org/wiki/Special:FilePath/CHE%20Rorschach%20COA.svg
Canton of St. Gallen,Rorschacherberg,http://commons.wikimedia.org/wiki/Special:FilePath/Rorschacherberg-blazon.svg
Canton of St. Gallen,Rüthi,http://commons.wikimedia.org/wiki/Special:FilePath/R%C3%BCthi-blazon.svg
Canton of St. Gallen,Sargans,http://commons.wikimedia.org/wiki/Special:FilePath/CHE%20Sargans%20COA.svg
Canton of St. Gallen,Schmerikon,http://commons.wikimedia.org/wiki/Special:FilePath/Wappen%20Schmerikon.svg
Canton of St. Gallen,Schänis,http://commons.wikimedia.org/wiki/Special:FilePath/Sch%C3%A4nis-blazon.svg
Canton of St. Gallen,Sennwald,http://commons.wikimedia.org/wiki/Special:FilePath/CHE%20Sennwald%20COA.svg
Canton of St. Gallen,Sevelen,http://commons.wikimedia.org/wiki/Special:FilePath/CHE%20Sevelen%20COA.svg
Canton of St. Gallen,St. Gallen,http://commons.wikimedia.org/wiki/Special:FilePath/CHE%20St.%20Gallen%20COA.svg
Canton of St. Gallen,St. Margrethen,http://commons.wikimedia.org/wiki/Special:FilePath/StMargrethen-blazon.svg
Canton of St. Gallen,Steinach,http://commons.wikimedia.org/wiki/Special:FilePath/Steinach-blazon.svg
Canton of St. Gallen,Thal,http://commons.wikimedia.org/wiki/Special:FilePath/Thal%20SG-blazon.svg
Canton of St. Gallen,Tübach,http://commons.wikimedia.org/wiki/Special:FilePath/T%C3%BCbach-blazon.svg
Canton of St. Gallen,Untereggen,http://commons.wikimedia.org/wiki/Special:FilePath/Untereggen-blazon.svg
Canton of St. Gallen,Uznach,http://commons.wikimedia.org/wiki/Special:FilePath/CHE%20Uznach%20COA.svg
Canton of St. Gallen,Uzwil,http://commons.wikimedia.org/wiki/Special:FilePath/CHE%20Uzwil%20COA.svg
Canton of St. Gallen,Vilters-Wangs,http://commons.wikimedia.org/wiki/Special:FilePath/ViltersWangs-blazon.svg
Canton of St. Gallen,Waldkirch,http://commons.wikimedia.org/wiki/Special:FilePath/Waldkirch-blazon.svg
Canton of St. Gallen,Walenstadt,http://commons.wikimedia.org/wiki/Special:FilePath/CHE%20Walenstadt%20COA.svg
Canton of St. Gallen,Wartau,http://commons.wikimedia.org/wiki/Special:FilePath/CHE%20Wartau%20COA.svg
Canton of St. Gallen,Wattwil,http://commons.wikimedia.org/wiki/Special:FilePath/CHE%20Wattwil%20COA.svg
Canton of St. Gallen,Weesen,http://commons.wikimedia.org/wiki/Special:FilePath/Wappen%20Weesen.svg
Canton of St. Gallen,Widnau,
Canton of St. Gallen,Wil,http://commons.wikimedia.org/wiki/Special:FilePath/CHE%20Wil%20SG%20COA.svg
Canton of St. Gallen,Wildhaus-Alt St. Johann,http://commons.wikimedia.org/wiki/Special:FilePath/CHE%20Wildhaus-Alt%20St.%20Johann%20COA.svg
Canton of St. Gallen,Wittenbach,http://commons.wikimedia.org/wiki/Special:FilePath/Wittenbach-blazon.svg
Canton of St. Gallen,Zuzwil,http://commons.wikimedia.org/wiki/Special:FilePath/Zuzwil%20SG-blazon.svg
Canton of Thurgau,Aadorf,http://commons.wikimedia.org/wiki/Special:FilePath/Wappen%20Aadorf.svg
Canton of Thurgau,Affeltrangen,http://commons.wikimedia.org/wiki/Special:FilePath/CHE%20Affeltrangen%20COA.svg
Canton of Thurgau,Altnau,http://commons.wikimedia.org/wiki/Special:FilePath/CHE%20Altnau%20COA.svg
Canton of Thurgau,Amlikon-Bissegg,http://commons.wikimedia.org/wiki/Special:FilePath/AmlikonBissegg-blazon.svg
Canton of Thurgau,Amriswil,http://commons.wikimedia.org/wiki/Special:FilePath/CHE%20Amriswil%20COA.svg
Canton of Thurgau,Arbon,http://commons.wikimedia.org/wiki/Special:FilePath/Arbon-blazon.svg
Canton of Thurgau,Basadingen-Schlattingen,http://commons.wikimedia.org/wiki/Special:FilePath/BasadingenSchlattingen-blazon.svg
Canton of Thurgau,Berg,http://commons.wikimedia.org/wiki/Special:FilePath/Berg%20TG-blazon.svg
Canton of Thurgau,Berlingen,http://commons.wikimedia.org/wiki/Special:FilePath/Berlingen%20Wappen.svg
Canton of Thurgau,Bettwiesen,http://commons.wikimedia.org/wiki/Special:FilePath/Bettwiesen-blazon.svg
Canton of Thurgau,Bichelsee-Balterswil,http://commons.wikimedia.org/wiki/Special:FilePath/BichelseeBalterswil-blazon.svg
Canton of Thurgau,Birwinken,http://commons.wikimedia.org/wiki/Special:FilePath/Birwinken-blazon.svg
Canton of Thurgau,Bischofszell,http://commons.wikimedia.org/wiki/Special:FilePath/Bischofszell-blazon.svg
Canton of Thurgau,Bottighofen,http://commons.wikimedia.org/wiki/Special:FilePath/Bottighofen-blazon.svg
Canton of Thurgau,Braunau,http://commons.wikimedia.org/wiki/Special:FilePath/Braunau-blazon.svg
Canton of Thurgau,Bussnang,http://commons.wikimedia.org/wiki/Special:FilePath/Bussnang-blazon.svg
Canton of Thurgau,Bürglen,http://commons.wikimedia.org/wiki/Special:FilePath/B%C3%BCrglen%20TG-blazon.svg
Canton of Thurgau,Diessenhofen,http://commons.wikimedia.org/wiki/Special:FilePath/Diessenhofen-blazon.svg
Canton of Thurgau,Dozwil,http://commons.wikimedia.org/wiki/Special:FilePath/Dozwil-blazon.svg
Canton of Thurgau,Egnach,http://commons.wikimedia.org/wiki/Special:FilePath/CHE%20Egnach%20COA.svg
Canton of Thurgau,Erlen,http://commons.wikimedia.org/wiki/Special:FilePath/Erlen-blazon.svg
Canton of Thurgau,Ermatingen,http://commons.wikimedia.org/wiki/Special:FilePath/Ermatingen-blazon.svg
Canton of Thurgau,Eschenz,http://commons.wikimedia.org/wiki/Special:FilePath/Eschenz-blazon.svg
Canton of Thurgau,Eschlikon,http://commons.wikimedia.org/wiki/Special:FilePath/Eschlikon-blazon.svg
Canton of Thurgau,Felben-Wellhausen,http://commons.wikimedia.org/wiki/Special:FilePath/FelbenWellhausen-blazon.svg
Canton of Thurgau,Fischingen,http://commons.wikimedia.org/wiki/Special:FilePath/Fischingen-blazon.svg
Canton of Thurgau,Frauenfeld,http://commons.wikimedia.org/wiki/Special:FilePath/Frauenfeld-blazon.svg
Canton of Thurgau,Gachnang,http://commons.wikimedia.org/wiki/Special:FilePath/CHE%20Gachnang%20COA.svg
Canton of Thurgau,Gottlieben,http://commons.wikimedia.org/wiki/Special:FilePath/Gottlieben-blazon.svg
Canton of Thurgau,Güttingen,http://commons.wikimedia.org/wiki/Special:FilePath/G%C3%BCttingen-blazon.svg
Canton of Thurgau,Hauptwil-Gottshaus,http://commons.wikimedia.org/wiki/Special:FilePath/HauptwilGottshaus-blazon.svg
Canton of Thurgau,Hefenhofen,http://commons.wikimedia.org/wiki/Special:FilePath/CHE%20Hefenhofen%20COA.svg
Canton of Thurgau,Herdern,http://commons.wikimedia.org/wiki/Special:FilePath/Herdern-blazon.svg
Canton of Thurgau,Hohentannen,http://commons.wikimedia.org/wiki/Special:FilePath/Hohentannen-blazon.svg
Canton of Thurgau,Homburg,http://commons.wikimedia.org/wiki/Special:FilePath/Homburg-blazon.svg
Canton of Thurgau,Horn,http://commons.wikimedia.org/wiki/Special:FilePath/Wappen%20Horn.svg
Canton of Thurgau,Hüttlingen,http://commons.wikimedia.org/wiki/Special:FilePath/H%C3%BCttlingen-blazon.svg
Canton of Thurgau,Hüttwilen,http://commons.wikimedia.org/wiki/Special:FilePath/H%C3%BCttwilen-blazon.svg
Canton of Thurgau,Kemmental,http://commons.wikimedia.org/wiki/Special:FilePath/CHE%20Kemmental%20COA.svg
Canton of Thurgau,Kesswil,http://commons.wikimedia.org/wiki/Special:FilePath/Kesswil-blazon.svg
Canton of Thurgau,Kradolf-Schönenberg,http://commons.wikimedia.org/wiki/Special:FilePath/KradolfSch%C3%B6nenberg-blazon.svg
Canton of Thurgau,Kreuzlingen,http://commons.wikimedia.org/wiki/Special:FilePath/Kreuzlingen-blazon.svg
Canton of Thurgau,Langrickenbach,http://commons.wikimedia.org/wiki/Special:FilePath/Langrickenbach-blazon.svg
Canton of Thurgau,Lengwil,http://commons.wikimedia.org/wiki/Special:FilePath/Lengwil-blazon.svg
Canton of Thurgau,Lommis,http://commons.wikimedia.org/wiki/Special:FilePath/Lommis-blazon.svg
Canton of Thurgau,Mammern,http://commons.wikimedia.org/wiki/Special:FilePath/Mammern-blazon.svg
Canton of Thurgau,Matzingen,http://commons.wikimedia.org/wiki/Special:FilePath/CHE%20Matzingen%20COA.svg
Canton of Thurgau,Märstetten,http://commons.wikimedia.org/wiki/Special:FilePath/M%C3%A4rstetten-blazon.svg
Canton of Thurgau,Müllheim,http://commons.wikimedia.org/wiki/Special:FilePath/M%C3%BCllheim-blazon.svg
Canton of Thurgau,Münchwilen,http://commons.wikimedia.org/wiki/Special:FilePath/M%C3%BCnchwilen%20TG-blazon.svg
Canton of Thurgau,Münsterlingen,http://commons.wikimedia.org/wiki/Special:FilePath/M%C3%BCnsterlingen-blazon.svg
Canton of Thurgau,Neunforn,http://commons.wikimedia.org/wiki/Special:FilePath/Neunforn-blazon.svg
Canton of Thurgau,Pfyn,http://commons.wikimedia.org/wiki/Special:FilePath/Pfyn-blazon.svg
Canton of Thurgau,Raperswilen,http://commons.wikimedia.org/wiki/Special:FilePath/CHE%20Raperswilen%20COA.svg
Canton of Thurgau,Rickenbach,http://commons.wikimedia.org/wiki/Special:FilePath/Rickenbach%20TG-blazon.svg
Canton of Thurgau,Roggwil,http://commons.wikimedia.org/wiki/Special:FilePath/Roggwil%20TG-coat%20of%20arms.svg
Canton of Thurgau,Romanshorn,http://commons.wikimedia.org/wiki/Special:FilePath/Wappen%20Romanshorn.svg
Canton of Thurgau,Salenstein,http://commons.wikimedia.org/wiki/Special:FilePath/Salenstein-blazon.svg
Canton of Thurgau,Salmsach,http://commons.wikimedia.org/wiki/Special:FilePath/Salmsach-blazon.svg
Canton of Thurgau,Schlatt,http://commons.wikimedia.org/wiki/Special:FilePath/Schlatt%20TG-blazon.svg
Canton of Thurgau,Schönholzerswilen,http://commons.wikimedia.org/wiki/Special:FilePath/CHE%20Sch%C3%B6nholzerswilen%20COA.svg
Canton of Thurgau,Sirnach,http://commons.wikimedia.org/wiki/Special:FilePath/CHE%20Sirnach%20COA.svg
Canton of Thurgau,Sommeri,http://commons.wikimedia.org/wiki/Special:FilePath/Sommeri-blazon.svg
Canton of Thurgau,Steckborn,http://commons.wikimedia.org/wiki/Special:FilePath/Steckborn-blazon.svg
Canton of Thurgau,Stettfurt,http://commons.wikimedia.org/wiki/Special:FilePath/Stettfurt-blazon.svg
Canton of Thurgau,Sulgen,http://commons.wikimedia.org/wiki/Special:FilePath/Sulgen-blazon.svg
Canton of Thurgau,Thundorf,http://commons.wikimedia.org/wiki/Special:FilePath/Thundorf-blazon.svg
Canton of Thurgau,Tobel-Tägerschen,http://commons.wikimedia.org/wiki/Special:FilePath/CHE%20Tobel-T%C3%A4gerschen%20COA.svg
Canton of Thurgau,Tägerwilen,http://commons.wikimedia.org/wiki/Special:FilePath/T%C3%A4gerwilen-blazon.svg
Canton of Thurgau,Uesslingen-Buch,http://commons.wikimedia.org/wiki/Special:FilePath/UesslingenBuch-blazon.svg
Canton of Thurgau,Uttwil,http://commons.wikimedia.org/wiki/Special:FilePath/CHE%20Uttwil%20COA.svg
Canton of Thurgau,Wagenhausen,http://commons.wikimedia.org/wiki/Special:FilePath/Wagenhausen-blazon.svg
Canton of Thurgau,Warth-Weiningen,http://commons.wikimedia.org/wiki/Special:FilePath/WarthWeiningen-blazon.svg
Canton of Thurgau,Weinfelden,http://commons.wikimedia.org/wiki/Special:FilePath/Weinfelden-blazon.svg
Canton of Thurgau,Wigoltingen,http://commons.wikimedia.org/wiki/Special:FilePath/Wigoltingen-blazon.svg
Canton of Thurgau,Wilen,http://commons.wikimedia.org/wiki/Special:FilePath/Wilen-blazon.svg
Canton of Thurgau,Wuppenau,http://commons.wikimedia.org/wiki/Special:FilePath/CHE%20Wuppenau%20COA.svg
Canton of Thurgau,Wäldi,http://commons.wikimedia.org/wiki/Special:FilePath/W%C3%A4ldi-blazon.svg
Canton of Thurgau,Wängi,http://commons.wikimedia.org/wiki/Special:FilePath/Wappen%20Waengi.svg
Canton of Thurgau,Zihlschlacht-Sitterdorf,http://commons.wikimedia.org/wiki/Special:FilePath/ZihlschlachtSitterdorf-blazon.svg
Canton of Ticino,Acquarossa,http://commons.wikimedia.org/wiki/Special:FilePath/CHE%20Acquarossa%20COA.svg
Canton of Ticino,Agno,http://commons.wikimedia.org/wiki/Special:FilePath/CHE%20Agno%20COA.svg
Canton of Ticino,Airolo,http://commons.wikimedia.org/wiki/Special:FilePath/CHE%20Airolo%20COA.svg
Canton of Ticino,Alto Malcantone,http://commons.wikimedia.org/wiki/Special:FilePath/CHE%20Alto%20Malcantone%20COA.svg
Canton of Ticino,Aranno,http://commons.wikimedia.org/wiki/Special:FilePath/Aranno-coat%20of%20arms.svg
Canton of Ticino,Arbedo-Castione,http://commons.wikimedia.org/wiki/Special:FilePath/CHE%20Arbedo-Castione%20COA.svg
Canton of Ticino,Arogno,http://commons.wikimedia.org/wiki/Special:FilePath/Arogno-coat%20of%20arms.svg
Canton of Ticino,Ascona,http://commons.wikimedia.org/wiki/Special:FilePath/CHE%20Ascona%20COA.svg
Canton of Ticino,Avegno Gordevio,http://commons.wikimedia.org/wiki/Special:FilePath/CHE%20Avegno%20Gordevio%20COA.svg
Canton of Ticino,Balerna,http://commons.wikimedia.org/wiki/Special:FilePath/CHE%20Balerna%20COA.svg
Canton of Ticino,Bedano,http://commons.wikimedia.org/wiki/Special:FilePath/Bedano-coat%20of%20arms.svg
Canton of Ticino,Bedretto,http://commons.wikimedia.org/wiki/Special:FilePath/Bedretto-coat%20of%20arms.svg
Canton of Ticino,Bellinzona,http://commons.wikimedia.org/wiki/Special:FilePath/CHE%20Bellinzona%20COA-02.svg
Canton of Ticino,Biasca,http://commons.wikimedia.org/wiki/Special:FilePath/CHE%20Biasca%20TI%20COA.svg
Canton of Ticino,Bioggio,http://commons.wikimedia.org/wiki/Special:FilePath/CHE%20Bioggio%20COA.svg
Canton of Ticino,Bissone,http://commons.wikimedia.org/wiki/Special:FilePath/CHE%20Bissone%20COA.svg
Canton of Ticino,Blenio,http://commons.wikimedia.org/wiki/Special:FilePath/CHE%20Blenio%20COA.svg
Canton of Ticino,Bosco/Gurin,http://commons.wikimedia.org/wiki/Special:FilePath/CHE%20Bosco-Gurin%20COA.svg
Canton of Ticino,Breggia,http://commons.wikimedia.org/wiki/Special:FilePath/Breggia%20CoA.png
Canton of Ticino,Brione sopra Minusio,http://commons.wikimedia.org/wiki/Special:FilePath/CHE%20Brione%20sopra%20Minusio%20TI%20COA.svg
Canton of Ticino,Brissago,http://commons.wikimedia.org/wiki/Special:FilePath/Brissago-coat%20of%20arms.svg
Canton of Ticino,Brusino Arsizio,http://commons.wikimedia.org/wiki/Special:FilePath/BrusinoArsizio-coat%20of%20arms.svg
Canton of Ticino,Cademario,http://commons.wikimedia.org/wiki/Special:FilePath/Cademario-coat%20of%20arms.svg
Canton of Ticino,Cadempino,http://commons.wikimedia.org/wiki/Special:FilePath/Cadempino-coat%20of%20arms.svg
Canton of Ticino,Cadenazzo,http://commons.wikimedia.org/wiki/Special:FilePath/Cadenazzo-coat%20of%20arms.svg
Canton of Ticino,Campo (Vallemaggia),http://commons.wikimedia.org/wiki/Special:FilePath/Campo%28Vallemaggia%29-coat%20of%20arms.svg
Canton of Ticino,Canobbio,http://commons.wikimedia.org/wiki/Special:FilePath/CHE%20Canobbio%20COA.svg
Canton of Ticino,Capriasca,http://commons.wikimedia.org/wiki/Special:FilePath/Capriasca-coat%20of%20arms.svg
Canton of Ticino,Caslano,http://commons.wikimedia.org/wiki/Special:FilePath/Caslano-coat%20of%20arms.svg
Canton of Ticino,Castel San Pietro,http://commons.wikimedia.org/wiki/Special:FilePath/CastelSanPietro-coat%20of%20arms.svg
Canton of Ticino,Centovalli,http://commons.wikimedia.org/wiki/Special:FilePath/CHE%20Centovalli%20TI%20COA.png
Canton of Ticino,Cerentino,http://commons.wikimedia.org/wiki/Special:FilePath/Cerentino-coat%20of%20arms.svg
Canton of Ticino,Cevio,http://commons.wikimedia.org/wiki/Special:FilePath/CHE%20Cevio%20COA.svg
Canton of Ticino,Chiasso,http://commons.wikimedia.org/wiki/Special:FilePath/Chiasso-coat%20of%20arms.svg
Canton of Ticino,Coldrerio,http://commons.wikimedia.org/wiki/Special:FilePath/Coldrerio-coat%20of%20arms.svg
Canton of Ticino,Collina d'Oro,http://commons.wikimedia.org/wiki/Special:FilePath/CHE%20Collina%20d%27Oro%20COA.svg
Canton of Ticino,Comano,http://commons.wikimedia.org/wiki/Special:FilePath/Comano-coat%20of%20arms.svg
Canton of Ticino,Cugnasco-Gerra,http://commons.wikimedia.org/wiki/Special:FilePath/CHE%20Cugnasco-Gerra%20COA.svg
Canton of Ticino,Cureglia,http://commons.wikimedia.org/wiki/Special:FilePath/Cureglia-coat%20of%20arms.svg
Canton of Ticino,Dalpe,http://commons.wikimedia.org/wiki/Special:FilePath/Dalpe-coat%20of%20arms.svg
Canton of Ticino,Faido,http://commons.wikimedia.org/wiki/Special:FilePath/Faido-coat%20of%20arms.svg
Canton of Ticino,Gambarogno,http://commons.wikimedia.org/wiki/Special:FilePath/CHE%20Gambarogno%20TI%20COA.svg
Canton of Ticino,Giornico,http://commons.wikimedia.org/wiki/Special:FilePath/Giornico-coat%20of%20arms.svg
Canton of Ticino,Gordola,http://commons.wikimedia.org/wiki/Special:FilePath/CHE%20Gordola%20COA.svg
Canton of Ticino,Gorduno,http://commons.wikimedia.org/wiki/Special:FilePath/Gorduno-coat%20of%20arms.svg
Canton of Ticino,Grancia,http://commons.wikimedia.org/wiki/Special:FilePath/Grancia-coat%20of%20arms.svg
Canton of Ticino,Gravesano,http://commons.wikimedia.org/wiki/Special:FilePath/Gravesano-coat%20of%20arms.svg
Canton of Ticino,Isone,http://commons.wikimedia.org/wiki/Special:FilePath/CHE%20Isone%20COA.svg
Canton of Ticino,Isorno,http://commons.wikimedia.org/wiki/Special:FilePath/Isorno-coat%20of%20arms.svg
Canton of Ticino,Lamone,http://commons.wikimedia.org/wiki/Special:FilePath/CHE%20Lamone%20COA.svg
Canton of Ticino,Lavertezzo,http://commons.wikimedia.org/wiki/Special:FilePath/Lavertezzo-coat%20of%20arms.svg
Canton of Ticino,Lavizzara,http://commons.wikimedia.org/wiki/Special:FilePath/Lavizzara-coat%20of%20arms.svg
Canton of Ticino,Lema,http://commons.wikimedia.org/wiki/Special:FilePath/CHE%20Lema%20COA.svg
Canton of Ticino,Linescio,http://commons.wikimedia.org/wiki/Special:FilePath/Linescio-coat%20of%20arms.svg
Canton of Ticino,Locarno,http://commons.wikimedia.org/wiki/Special:FilePath/CHE%20Locarno%20COA.svg
Canton of Ticino,Losone,http://commons.wikimedia.org/wiki/Special:FilePath/CHE%20Losone%20COA.svg
Canton of Ticino,Lugano,http://commons.wikimedia.org/wiki/Special:FilePath/CHE%20Lugano%20COA.svg
Canton of Ticino,Lumino,http://commons.wikimedia.org/wiki/Special:FilePath/Lumino-coat%20of%20arms.svg
Canton of Ticino,Maggia,http://commons.wikimedia.org/wiki/Special:FilePath/CHE%20Maggia%20COA.svg
Canton of Ticino,Magliaso,http://commons.wikimedia.org/wiki/Special:FilePath/CHE%20Magliaso%20COA.svg
Canton of Ticino,Manno,http://commons.wikimedia.org/wiki/Special:FilePath/Manno-coat%20of%20arms.svg
Canton of Ticino,Massagno,http://commons.wikimedia.org/wiki/Special:FilePath/Massagno-coat%20of%20arms.svg
Canton of Ticino,Melide,http://commons.wikimedia.org/wiki/Special:FilePath/CHE%20Melide%20COA.svg
Canton of Ticino,Mendrisio,http://commons.wikimedia.org/wiki/Special:FilePath/CHE%20Mendrisio%20COA.svg
Canton of Ticino,Mergoscia,http://commons.wikimedia.org/wiki/Special:FilePath/Mergoscia-coat%20of%20arms.svg
Canton of Ticino,Mezzovico-Vira,http://commons.wikimedia.org/wiki/Special:FilePath/CHE%20Mezzovico-Vira%20COA.svg
Canton of Ticino,Minusio,http://commons.wikimedia.org/wiki/Special:FilePath/Minusio-coat%20of%20arms.svg
Canton of Ticino,Moghegno,http://commons.wikimedia.org/wiki/Special:FilePath/Blason%20Moghegno%20Tessin%20Suisse.svg
Canton of Ticino,Monte Carasso,http://commons.wikimedia.org/wiki/Special:FilePath/MonteCarasso-coat%20of%20arms.svg
Canton of Ticino,Monteceneri,http://commons.wikimedia.org/wiki/Special:FilePath/CHE%20Monteceneri%20COA.svg
Canton of Ticino,Morbio Inferiore,http://commons.wikimedia.org/wiki/Special:FilePath/CHE%20Morbio%20Inferiore%20TI%20COA.svg
Canton of Ticino,Morbio Superiore,http://commons.wikimedia.org/wiki/Special:FilePath/MorbioSuperiore-coat%20of%20arms.svg
Canton of Ticino,Morcote,
Canton of Ticino,Muggio,http://commons.wikimedia.org/wiki/Special:FilePath/Muggio-coat%20of%20arms.svg
Canton of Ticino,Muralto,http://commons.wikimedia.org/wiki/Special:FilePath/Muralto-coat%20of%20arms.svg
Canton of Ticino,Muzzano,http://commons.wikimedia.org/wiki/Special:FilePath/CHE%20Muzzano%20COA.svg
Canton of Ticino,Neggio,http://commons.wikimedia.org/wiki/Special:FilePath/Neggio-coat%20of%20arms.svg
Canton of Ticino,Novazzano,http://commons.wikimedia.org/wiki/Special:FilePath/Novazzano-blason.svg
Canton of Ticino,Onsernone,http://commons.wikimedia.org/wiki/Special:FilePath/CHE%20Onsernone%20COA.svg
Canton of Ticino,Origlio,http://commons.wikimedia.org/wiki/Special:FilePath/Origlio-coat%20of%20arms.svg
Canton of Ticino,Orselina,http://commons.wikimedia.org/wiki/Special:FilePath/CHE%20Orselina%20COA.svg
Canton of Ticino,Pambio-Noranco,http://commons.wikimedia.org/wiki/Special:FilePath/CHE%20Pambio-Noranco%20COA.svg
Canton of Ticino,Paradiso,http://commons.wikimedia.org/wiki/Special:FilePath/CHE%20Paradiso%20COA.svg
Canton of Ticino,Personico,http://commons.wikimedia.org/wiki/Special:FilePath/Personico-coat%20of%20arms.svg
Canton of Ticino,Pollegio,http://commons.wikimedia.org/wiki/Special:FilePath/Pollegio-coat%20of%20arms.svg
Canton of Ticino,Ponte Capriasca,http://commons.wikimedia.org/wiki/Special:FilePath/PonteCapriasca-coat%20of%20arms.svg
Canton of Ticino,Porza,http://commons.wikimedia.org/wiki/Special:FilePath/CHE%20Porza%20COA.svg
Canton of Ticino,Prato-Sornico,http://commons.wikimedia.org/wiki/Special:FilePath/CHE%20Prato-Sornico%20COA.png
Canton of Ticino,Pura,http://commons.wikimedia.org/wiki/Special:FilePath/Pura-coat%20of%20arms.svg
Canton of Ticino,Quinto,http://commons.wikimedia.org/wiki/Special:FilePath/CHE%20Quinto%20COA.svg
Canton of Ticino,Riva San Vitale,http://commons.wikimedia.org/wiki/Special:FilePath/CHE%20Riva%20San%20Vitale%20COA.svg
Canton of Ticino,Riviera,http://commons.wikimedia.org/wiki/Special:FilePath/Blason%20de%20Riviera%20%28Tessin%29.svg
Canton of Ticino,Ronco sopra Ascona,http://commons.wikimedia.org/wiki/Special:FilePath/RoncoSopraAscona-coat%20of%20arms.svg
Canton of Ticino,Sant'Antonino,http://commons.wikimedia.org/wiki/Special:FilePath/SantAntonino-coat%20of%20arms.svg
Canton of Ticino,Savosa,http://commons.wikimedia.org/wiki/Special:FilePath/Savosa-coat%20of%20arms.svg
Canton of Ticino,Serravalle,http://commons.wikimedia.org/wiki/Special:FilePath/Serravalle%20stemma.png
Canton of Ticino,Sorengo,http://commons.wikimedia.org/wiki/Special:FilePath/Sorengo-coat%20of%20arms.svg
Canton of Ticino,Stabio,http://commons.wikimedia.org/wiki/Special:FilePath/CHE%20Stabio%20COA.svg
Canton of Ticino,Tenero-Contra,http://commons.wikimedia.org/wiki/Special:FilePath/Tenero-Contra-coat%20of%20arms.svg
Canton of Ticino,Terre di Pedemonte,http://commons.wikimedia.org/wiki/Special:FilePath/CHE%20Terre%20di%20Pedemonte%20COA.svg
Canton of Ticino,Torricella-Taverne,http://commons.wikimedia.org/wiki/Special:FilePath/Torricella-Taverne-coat%20of%20arms.svg
Canton of Ticino,Tresa,http://commons.wikimedia.org/wiki/Special:FilePath/CHE%20Tresa%20COA.svg
Canton of Ticino,Vacallo,http://commons.wikimedia.org/wiki/Special:FilePath/Vacallo-coat%20of%20arms.svg
Canton of Ticino,Val Mara,http://commons.wikimedia.org/wiki/Special:FilePath/CHE%20Val%20Mara%20TI%20COA.svg
Canton of Ticino,Vernate,http://commons.wikimedia.org/wiki/Special:FilePath/CHE%20Vernate%20COA.svg
Canton of Ticino,Verzasca,http://commons.wikimedia.org/wiki/Special:FilePath/CHE%20Verzasca%20TI%20COA.svg
Canton of Ticino,Vezia,http://commons.wikimedia.org/wiki/Special:FilePath/Vezia-coat%20of%20arms.svg
Canton of Ticino,Vico Morcote,http://commons.wikimedia.org/wiki/Special:FilePath/VicoMorcote-coat%20of%20arms.svg
Canton of Uri,Altdorf,http://commons.wikimedia.org/wiki/Special:FilePath/CHE%20Altdorf%20COA.svg
Canton of Uri,Andermatt,http://commons.wikimedia.org/wiki/Special:FilePath/Andermatt-coat%20of%20arms.svg
Canton of Uri,Attinghausen,http://commons.wikimedia.org/wiki/Special:FilePath/CHE%20Attinghausen%20COA.svg
Canton of Uri,Bürglen,http://commons.wikimedia.org/wiki/Special:FilePath/Wappen%20B%C3%BCrglen%20UR.svg
Canton of Uri,Erstfeld,http://commons.wikimedia.org/wiki/Special:FilePath/CHE%20Erstfeld%20COA.svg
Canton of Uri,Flüelen,http://commons.wikimedia.org/wiki/Special:FilePath/Fl%C3%BCelen-coat%20of%20arms.svg
Canton of Uri,Gurtnellen,http://commons.wikimedia.org/wiki/Special:FilePath/Gurtnellen%20Wappen.svg
Canton of Uri,Göschenen,http://commons.wikimedia.org/wiki/Special:FilePath/G%C3%B6schenen-coat%20of%20arms.svg
Canton of Uri,Hospental,http://commons.wikimedia.org/wiki/Special:FilePath/Wappen%20Hospental.svg
Canton of Uri,Isenthal,http://commons.wikimedia.org/wiki/Special:FilePath/Isenthal-coat%20of%20arms.svg
Canton of Uri,Realp,http://commons.wikimedia.org/wiki/Special:FilePath/Realp-coat%20of%20arms.svg
Canton of Uri,Schattdorf,http://commons.wikimedia.org/wiki/Special:FilePath/Wappen%20Schattdorf.svg
Canton of Uri,Seedorf,http://commons.wikimedia.org/wiki/Special:FilePath/CHE%20Seedorf%20UR%20COA.svg
Canton of Uri,Seelisberg,http://commons.wikimedia.org/wiki/Special:FilePath/Wappen%20Seelisberg%20UR.svg
Canton of Uri,Silenen,http://commons.wikimedia.org/wiki/Special:FilePath/Wappen%20Silenen.svg
Canton of Uri,Sisikon,http://commons.wikimedia.org/wiki/Special:FilePath/Sisikon-coat%20of%20arms.svg
Canton of Uri,Spiringen,http://commons.wikimedia.org/wiki/Special:FilePath/CHE%20Spiringen%20COA.svg
Canton of Uri,Unterschächen,http://commons.wikimedia.org/wiki/Special:FilePath/CHE%20Unterschaechen%20COA.svg
Canton of Uri,Wassen,http://commons.wikimedia.org/wiki/Special:FilePath/Wappen%20Wassen.svg
Canton of Valais,Agarn,http://commons.wikimedia.org/wiki/Special:FilePath/CHE%20Agarn%20COA.svg
Canton of Valais,Albinen,http://commons.wikimedia.org/wiki/Special:FilePath/CHE%20Albinen%20COA%20alt.svg
Canton of Valais,Anniviers,http://commons.wikimedia.org/wiki/Special:FilePath/CHE%20Anniviers%20COA.svg
Canton of Valais,Arbaz,http://commons.wikimedia.org/wiki/Special:FilePath/CHE%20Arbaz%20COA.svg
Canton of Valais,Ardon,http://commons.wikimedia.org/wiki/Special:FilePath/CHE%20Ardon%20COA.svg
Canton of Valais,Ausserberg,http://commons.wikimedia.org/wiki/Special:FilePath/CHE%20Ausserberg%20COA.svg
Canton of Valais,Ayent,http://commons.wikimedia.org/wiki/Special:FilePath/CHE%20Ayent%20COA.svg
Canton of Valais,Baltschieder,http://commons.wikimedia.org/wiki/Special:FilePath/CHE%20Baltschieder%20COA.svg
Canton of Valais,Bellwald,http://commons.wikimedia.org/wiki/Special:FilePath/CHE%20Bellwald%20COA.svg
Canton of Valais,Bettmeralp,http://commons.wikimedia.org/wiki/Special:FilePath/CHE%20Betten%20COA.svg
Canton of Valais,Binn,http://commons.wikimedia.org/wiki/Special:FilePath/CHE%20Binn%20COA.svg
Canton of Valais,Bister,http://commons.wikimedia.org/wiki/Special:FilePath/CHE%20Bister%20COA.svg
Canton of Valais,Bitsch,http://commons.wikimedia.org/wiki/Special:FilePath/CHE%20Bitsch%20COA.svg
Canton of Valais,Blatten,http://commons.wikimedia.org/wiki/Special:FilePath/CHE%20Blatten%20COA.svg
Canton of Valais,Bourg-Saint-Pierre,http://commons.wikimedia.org/wiki/Special:FilePath/CHE%20Bourg-Saint-Pierre%20COA.svg
Canton of Valais,Bovernier,http://commons.wikimedia.org/wiki/Special:FilePath/CHE%20Bovernier%20COA.svg
Canton of Valais,Brig-Glis,http://commons.wikimedia.org/wiki/Special:FilePath/CHE%20Brig-Glis%20COA.svg
Canton of Valais,Bürchen,http://commons.wikimedia.org/wiki/Special:FilePath/CHE%20B%C3%BCrchen%20COA%20alt.svg
Canton of Valais,Chalais,http://commons.wikimedia.org/wiki/Special:FilePath/CHE%20Chalais%20COA.svg
Canton of Valais,Chamoson,http://commons.wikimedia.org/wiki/Special:FilePath/CHE%20Chamoson%20COA.svg
Canton of Valais,Champéry,http://commons.wikimedia.org/wiki/Special:FilePath/CHE%20Champ%C3%A9ry%20COA.svg
Canton of Valais,Chippis,http://commons.wikimedia.org/wiki/Special:FilePath/CHE%20Chippis%20COA.svg
Canton of Valais,Collombey-Muraz,http://commons.wikimedia.org/wiki/Special:FilePath/CHE%20Collombey-Muraz%20COA.svg
Canton of Valais,Collonges,http://commons.wikimedia.org/wiki/Special:FilePath/CHE%20Collonges%20COA.svg
Canton of Valais,Conthey,http://commons.wikimedia.org/wiki/Special:FilePath/CHE%20Conthey%20COA.svg
Canton of Valais,Crans-Montana,http://commons.wikimedia.org/wiki/Special:FilePath/CHE%20Crans-Montana%20COA.svg
Canton of Valais,Dorénaz,http://commons.wikimedia.org/wiki/Special:FilePath/Dor%C3%A9naz-blazon.svg
Canton of Valais,Eggerberg,http://commons.wikimedia.org/wiki/Special:FilePath/CHE%20Eggerberg%20COA.svg
Canton of Valais,Eischoll,http://commons.wikimedia.org/wiki/Special:FilePath/CHE%20Eischoll%20COA.svg
Canton of Valais,Eisten,http://commons.wikimedia.org/wiki/Special:FilePath/CHE%20Eisten%20COA.svg
Canton of Valais,Embd,http://commons.wikimedia.org/wiki/Special:FilePath/CHE%20Embd%20COA.svg
Canton of Valais,Ergisch,http://commons.wikimedia.org/wiki/Special:FilePath/CHE%20Ergisch%20COA.svg
Canton of Valais,Ernen,http://commons.wikimedia.org/wiki/Special:FilePath/CHE%20Ernen%20COA%20alt.svg
Canton of Valais,Evionnaz,http://commons.wikimedia.org/wiki/Special:FilePath/CHE%20Evionnaz%20COA.svg
Canton of Valais,Evolène,http://commons.wikimedia.org/wiki/Special:FilePath/CHE%20Evol%C3%A8ne%20COA.svg
Canton of Valais,Ferden,http://commons.wikimedia.org/wiki/Special:FilePath/CHE%20Ferden%20COA.svg
Canton of Valais,Fiesch,http://commons.wikimedia.org/wiki/Special:FilePath/CHE%20Fiesch%20COA.svg
Canton of Valais,Fieschertal,http://commons.wikimedia.org/wiki/Special:FilePath/CHE%20Fieschertal%20COA.svg
Canton of Valais,Finhaut,http://commons.wikimedia.org/wiki/Special:FilePath/CHE%20Finhaut%20COA.svg
Canton of Valais,Fully,http://commons.wikimedia.org/wiki/Special:FilePath/CHE%20Fully%20COA.svg
Canton of Valais,Gampel-Bratsch,http://commons.wikimedia.org/wiki/Special:FilePath/CHE%20Gampel-Bratsch%20COA.svg
Canton of Valais,Goms,http://commons.wikimedia.org/wiki/Special:FilePath/CHE%20Goms%20COA.svg
Canton of Valais,Grengiols,http://commons.wikimedia.org/wiki/Special:FilePath/CHE%20Grengiols%20COA.svg
Canton of Valais,Grimisuat,http://commons.wikimedia.org/wiki/Special:FilePath/Grimisuat-blazon.svg
Canton of Valais,Grächen,http://commons.wikimedia.org/wiki/Special:FilePath/CHE%20Graechen%20COA.svg
Canton of Valais,Grône,http://commons.wikimedia.org/wiki/Special:FilePath/CHE%20Gr%C3%B4ne%20COA.svg
Canton of Valais,Guttet-Feschel,http://commons.wikimedia.org/wiki/Special:FilePath/CHE%20Guttet-Feschel%20COA.svg
Canton of Valais,Hérémence,http://commons.wikimedia.org/wiki/Special:FilePath/H%C3%A9r%C3%A9mence-blazon.svg
Canton of Valais,Icogne,http://commons.wikimedia.org/wiki/Special:FilePath/CHE%20Icogne%20COA.svg
Canton of Valais,Inden,http://commons.wikimedia.org/wiki/Special:FilePath/CHE%20Inden%20COA.svg
Canton of Valais,Isérables,http://commons.wikimedia.org/wiki/Special:FilePath/CHE%20Is%C3%A9rables%20COA.svg
Canton of Valais,Kippel,http://commons.wikimedia.org/wiki/Special:FilePath/CHE%20Kippel%20COA.svg
Canton of Valais,Lalden,http://commons.wikimedia.org/wiki/Special:FilePath/CHE%20Lalden%20COA.svg
Canton of Valais,Lax,http://commons.wikimedia.org/wiki/Special:FilePath/CHE%20Lax%20COA.svg
Canton of Valais,Lens,http://commons.wikimedia.org/wiki/Special:FilePath/CHE%20Lens%20COA.svg
Canton of Valais,Leuk,http://commons.wikimedia.org/wiki/Special:FilePath/CHE%20Leuk%20COA.svg
Canton of Valais,Leukerbad,http://commons.wikimedia.org/wiki/Special:FilePath/CHE%20Leukerbad%20COA.svg
Canton of Valais,Leytron,http://commons.wikimedia.org/wiki/Special:FilePath/CHE%20Leytron%20COA.svg
Canton of Valais,Liddes,http://commons.wikimedia.org/wiki/Special:FilePath/CHE%20Liddes%20COA.svg
Canton of Valais,Martigny,http://commons.wikimedia.org/wiki/Special:FilePath/CHE%20Martigny%20COA.svg
Canton of Valais,Martigny-Combe,http://commons.wikimedia.org/wiki/Special:FilePath/CHE%20Martigny-Combe%20COA.svg
Canton of Valais,Massongex,http://commons.wikimedia.org/wiki/Special:FilePath/CHE%20Massongex%20COA.svg
Canton of Valais,Mont-Noble,http://commons.wikimedia.org/wiki/Special:FilePath/CHE%20Mont-Noble%20COA.svg
Canton of Valais,Monthey,http://commons.wikimedia.org/wiki/Special:FilePath/CHE%20Monthey%20COA.svg
Canton of Valais,Mörel-Filet,http://commons.wikimedia.org/wiki/Special:FilePath/CHE%20Moerel-Filet%20COA.svg
Canton of Valais,Münster-Geschinen,http://commons.wikimedia.org/wiki/Special:FilePath/CHE%20Goms%20COA.svg
Canton of Valais,Naters,http://commons.wikimedia.org/wiki/Special:FilePath/CHE%20Naters%20COA.svg
Canton of Valais,Nendaz,http://commons.wikimedia.org/wiki/Special:FilePath/CHE%20Nendaz%20COA.svg
Canton of Valais,Niedergesteln,http://commons.wikimedia.org/wiki/Special:FilePath/CHE%20Niedergesteln%20COA.svg
Canton of Valais,Niederwald,http://commons.wikimedia.org/wiki/Special:FilePath/Niederwald.png
Canton of Valais,Noble-Contrée,http://commons.wikimedia.org/wiki/Special:FilePath/CHE%20Noble-Contr%C3%A9e%20COA.svg
Canton of Valais,Oberems,http://commons.wikimedia.org/wiki/Special:FilePath/CHE%20Oberems%20COA.svg
Canton of Valais,Obergoms,http://commons.wikimedia.org/wiki/Special:FilePath/CHE%20Obergoms%20COA.svg
Canton of Valais,Orsières,http://commons.wikimedia.org/wiki/Special:FilePath/CHE%20Orsi%C3%A8res%20COA.svg
Canton of Valais,Port-Valais,http://commons.wikimedia.org/wiki/Special:FilePath/CHE%20Port-Valais%20COA.svg
Canton of Valais,Randa,http://commons.wikimedia.org/wiki/Special:FilePath/CHE%20Randa%20COA.svg
Canton of Valais,Raron,http://commons.wikimedia.org/wiki/Special:FilePath/CHE%20Raron%20COA.svg
Canton of Valais,Riddes,http://commons.wikimedia.org/wiki/Special:FilePath/CHE%20Riddes%20COA.svg
Canton of Valais,Ried-Brig,http://commons.wikimedia.org/wiki/Special:FilePath/CHE%20Ried-Brig%20COA.svg
Canton of Valais,Riederalp,http://commons.wikimedia.org/wiki/Special:FilePath/CHE%20Riederalp%20COA.svg
Canton of Valais,Saas-Almagell,http://commons.wikimedia.org/wiki/Special:FilePath/CHE%20Saas-Almagell%20COA.svg
Canton of Valais,Saas-Balen,http://commons.wikimedia.org/wiki/Special:FilePath/CHE%20Saas-Balen%20COA.svg
Canton of Valais,Saas-Fee,http://commons.wikimedia.org/wiki/Special:FilePath/CHE%20Saas-Fee%20COA.svg
Canton of Valais,Saas-Grund,http://commons.wikimedia.org/wiki/Special:FilePath/CHE%20Saas-Grund%20COA.svg
Canton of Valais,Saillon,http://commons.wikimedia.org/wiki/Special:FilePath/CHE%20Saillon%20COA.svg
Canton of Valais,Saint-Gingolph,http://commons.wikimedia.org/wiki/Special:FilePath/CHE%20Saint-Gingolph%20COA.svg
Canton of Valais,Saint-Léonard,http://commons.wikimedia.org/wiki/Special:FilePath/CHE%20Saint-L%C3%A9onard%20COA.svg
Canton of Valais,Saint-Martin,http://commons.wikimedia.org/wiki/Special:FilePath/CHE%20Saint-Martin%20COA.svg
Canton of Valais,Saint-Maurice,http://commons.wikimedia.org/wiki/Special:FilePath/CHE%20St%20Maurice%20COA.svg
Canton of Valais,Salgesch,http://commons.wikimedia.org/wiki/Special:FilePath/CHE%20Salgesch%20COA.svg
Canton of Valais,Salvan,http://commons.wikimedia.org/wiki/Special:FilePath/Salvan-blazon.svg
Canton of Valais,Savièse,http://commons.wikimedia.org/wiki/Special:FilePath/CHE%20Savi%C3%A8se%20COA.svg
Canton of Valais,Saxon,http://commons.wikimedia.org/wiki/Special:FilePath/CHE%20Saxon%20COA.svg
Canton of Valais,Sembrancher,http://commons.wikimedia.org/wiki/Special:FilePath/CHE%20Sembrancher%20COA.svg
Canton of Valais,Sierre,http://commons.wikimedia.org/wiki/Special:FilePath/CHE%20Sierre%20COA.svg
Canton of Valais,Simplon,http://commons.wikimedia.org/wiki/Special:FilePath/CHE%20Simplon%20COA.svg
Canton of Valais,Sion,http://commons.wikimedia.org/wiki/Special:FilePath/CHE%20Sion%20COA.svg
Canton of Valais,St. Niklaus,http://commons.wikimedia.org/wiki/Special:FilePath/CHE%20St.%20Niklaus%20COA.svg
Canton of Valais,Stalden,http://commons.wikimedia.org/wiki/Special:FilePath/CHE%20Stalden%20COA.svg
Canton of Valais,Staldenried,http://commons.wikimedia.org/wiki/Special:FilePath/CHE%20Staldenried%20COA.svg
Canton of Valais,Steg-Hohtenn,http://commons.wikimedia.org/wiki/Special:FilePath/CHE%20Steg-Hohtenn%20COA.svg
Canton of Valais,Termen,http://commons.wikimedia.org/wiki/Special:FilePath/CHE%20Termen%20COA.svg
Canton of Valais,Trient,http://commons.wikimedia.org/wiki/Special:FilePath/CHE%20Trient%20COA.svg
Canton of Valais,Troistorrents,http://commons.wikimedia.org/wiki/Special:FilePath/CHE%20Troistorrents%20COA.svg
Canton of Valais,Turtmann-Unterems,
Canton of Valais,Täsch,http://commons.wikimedia.org/wiki/Special:FilePath/CHE%20T%C3%A4sch%20COA%20alt.svg
Canton of Valais,Törbel,http://commons.wikimedia.org/wiki/Special:FilePath/CHE%20T%C3%B6rbel%20COA.svg
Canton of Valais,Unterbäch,http://commons.wikimedia.org/wiki/Special:FilePath/CHE%20Unterb%C3%A4ch%20COA%20alt.svg
Canton of Valais,Val de Bagnes,http://commons.wikimedia.org/wiki/Special:FilePath/CHE%20Val%20de%20Bagnes%20COA.svg
Canton of Valais,Val-d'Illiez,http://commons.wikimedia.org/wiki/Special:FilePath/CHE%20Val-d%27Illiez%20COA.svg
Canton of Valais,Varen,http://commons.wikimedia.org/wiki/Special:FilePath/CHE%20Varen%20COA.svg
Canton of Valais,Vernayaz,http://commons.wikimedia.org/wiki/Special:FilePath/Vernayaz-blazon.svg
Canton of Valais,Vex,http://commons.wikimedia.org/wiki/Special:FilePath/Vex-blazon.svg
Canton of Valais,Veysonnaz,http://commons.wikimedia.org/wiki/Special:FilePath/CHE%20Veysonnaz%20COA.svg
Canton of Valais,Vionnaz,http://commons.wikimedia.org/wiki/Special:FilePath/CHE%20Vionnaz%20COA.svg
Canton of Valais,Visp,http://commons.wikimedia.org/wiki/Special:FilePath/CHE%20Visp%20COA.svg
Canton of Valais,Visperterminen,http://commons.wikimedia.org/wiki/Special:FilePath/CHE%20Visperterminen%20COA.svg
Canton of Valais,Vouvry,http://commons.wikimedia.org/wiki/Special:FilePath/CHE%20Vouvry%20COA.svg
Canton of Valais,Vérossaz,http://commons.wikimedia.org/wiki/Special:FilePath/CHE%20V%C3%A9rossaz%20COA.svg
Canton of Valais,Vétroz,http://commons.wikimedia.org/wiki/Special:FilePath/CHE%20V%C3%A9troz%20COA.svg
Canton of Valais,Wiler,http://commons.wikimedia.org/wiki/Special:FilePath/CHE%20Wiler%20COA.svg
Canton of Valais,Zeneggen,http://commons.wikimedia.org/wiki/Special:FilePath/CHE%20Zeneggen%20COA.svg
Canton of Valais,Zermatt,http://commons.wikimedia.org/wiki/Special:FilePath/CHE%20Zermatt%20COA.svg
Canton of Valais,Zwischbergen,http://commons.wikimedia.org/wiki/Special:FilePath/CHE%20Zwischbergen%20COA.svg
Canton of Vaud,Q137515262,http://commons.wikimedia.org/wiki/Special:FilePath/CHE%20Mathod-Susc%C3%A9vaz%20COA.svg
Canton of Vaud,Aclens,http://commons.wikimedia.org/wiki/Special:FilePath/CHE%20Aclens%20COA.svg
Canton of Vaud,Agiez,http://commons.wikimedia.org/wiki/Special:FilePath/CHE%20Agiez%20COA.svg
Canton of Vaud,Aigle,http://commons.wikimedia.org/wiki/Special:FilePath/CHE%20Aigle%20COA.svg
Canton of Vaud,Allaman,http://commons.wikimedia.org/wiki/Special:FilePath/CHE%20Allaman%20COA.svg
Canton of Vaud,Arnex-sur-Nyon,http://commons.wikimedia.org/wiki/Special:FilePath/CHE%20Arnex-sur-Nyon%20COA.svg
Canton of Vaud,Arnex-sur-Orbe,http://commons.wikimedia.org/wiki/Special:FilePath/CHE%20Arnex-sur-Orbe%20COA.svg
Canton of Vaud,Arzier-Le Muids,http://commons.wikimedia.org/wiki/Special:FilePath/CHE%20Arzier-Le%20Muids%20COA.svg
Canton of Vaud,Assens,http://commons.wikimedia.org/wiki/Special:FilePath/CHE%20Assens%20COA.svg
Canton of Vaud,Aubonne,http://commons.wikimedia.org/wiki/Special:FilePath/CHE%20Aubonne%20COA.svg
Canton of Vaud,Avenches,http://commons.wikimedia.org/wiki/Special:FilePath/CHE%20Avenches%20COA.svg
Canton of Vaud,Ballaigues,http://commons.wikimedia.org/wiki/Special:FilePath/CHE%20Ballaigues%20COA.svg
Canton of Vaud,Ballens,http://commons.wikimedia.org/wiki/Special:FilePath/CHE%20Ballens%20COA.svg
Canton of Vaud,Bassins,http://commons.wikimedia.org/wiki/Special:FilePath/CHE%20Bassins%20COA.svg
Canton of Vaud,Baulmes,http://commons.wikimedia.org/wiki/Special:FilePath/CHE%20Baulmes%20COA.svg
Canton of Vaud,Bavois,http://commons.wikimedia.org/wiki/Special:FilePath/CHE%20Bavois%20COA.svg
Canton of Vaud,Begnins,http://commons.wikimedia.org/wiki/Special:FilePath/CHE%20Begnins%20COA.svg
Canton of Vaud,Belmont-sur-Lausanne,http://commons.wikimedia.org/wiki/Special:FilePath/CHE%20Belmont-sur-Lausanne%20COA.svg
Canton of Vaud,Belmont-sur-Yverdon,http://commons.wikimedia.org/wiki/Special:FilePath/CHE%20Belmont-sur-Yverdon%20COA.svg
Canton of Vaud,Bercher,http://commons.wikimedia.org/wiki/Special:FilePath/CHE%20Bercher%20COA.svg
Canton of Vaud,Berolle,http://commons.wikimedia.org/wiki/Special:FilePath/CHE%20Berolle%20COA.svg
Canton of Vaud,Bettens,http://commons.wikimedia.org/wiki/Special:FilePath/CHE%20Bettens%20COA.svg
Canton of Vaud,Bex,http://commons.wikimedia.org/wiki/Special:FilePath/CHE%20Bex%20COA.svg
Canton of Vaud,Bioley-Magnoux,http://commons.wikimedia.org/wiki/Special:FilePath/CHE%20Bioley-Magnoux%20COA.svg
Canton of Vaud,Bière,http://commons.wikimedia.org/wiki/Special:FilePath/CHE%20Bi%C3%A8re%20COA.svg
Canton of Vaud,Blonay – Saint-Légier,http://commons.wikimedia.org/wiki/Special:FilePath/CHE%20Blonay-Saint-L%C3%A9gier%20COA.svg
Canton of Vaud,Bofflens,http://commons.wikimedia.org/wiki/Special:FilePath/CHE%20Bofflens%20COA.svg
Canton of Vaud,Bogis-Bossey,http://commons.wikimedia.org/wiki/Special:FilePath/CHE%20Bogis-Bossey%20COA.svg
Canton of Vaud,Bonvillars,http://commons.wikimedia.org/wiki/Special:FilePath/CHE%20Bonvillars%20COA.svg
Canton of Vaud,Borex,http://commons.wikimedia.org/wiki/Special:FilePath/CHE%20Borex%20COA.svg
Canton of Vaud,Bottens,http://commons.wikimedia.org/wiki/Special:FilePath/CHE%20Bottens%20COA.svg
Canton of Vaud,Bougy-Villars,http://commons.wikimedia.org/wiki/Special:FilePath/CHE%20Bougy-Villars%20COA.svg
Canton of Vaud,Boulens,http://commons.wikimedia.org/wiki/Special:FilePath/CHE%20Boulens%20COA.svg
Canton of Vaud,Bourg-en-Lavaux,http://commons.wikimedia.org/wiki/Special:FilePath/CHE%20Bourg-en-Lavaux%20COA.svg
Canton of Vaud,Bournens,http://commons.wikimedia.org/wiki/Special:FilePath/CHE%20Bournens%20COA.svg
Canton of Vaud,Boussens,http://commons.wikimedia.org/wiki/Special:FilePath/CHE%20Boussens%20COA.svg
Canton of Vaud,Bremblens,http://commons.wikimedia.org/wiki/Special:FilePath/CHE%20Bremblens%20COA.svg
Canton of Vaud,Bretigny-sur-Morrens,http://commons.wikimedia.org/wiki/Special:FilePath/CHE%20Bretigny-sur-Morrens%20COA.svg
Canton of Vaud,Bretonnières,http://commons.wikimedia.org/wiki/Special:FilePath/CHE%20Bretonni%C3%A8res%20COA.svg
Canton of Vaud,Buchillon,http://commons.wikimedia.org/wiki/Special:FilePath/CHE%20Buchillon%20COA.svg
Canton of Vaud,Bullet,http://commons.wikimedia.org/wiki/Special:FilePath/CHE%20Bullet%20COA.svg
Canton of Vaud,Bursinel,http://commons.wikimedia.org/wiki/Special:FilePath/CHE%20Bursinel%20COA.svg
Canton of Vaud,Bursins,http://commons.wikimedia.org/wiki/Special:FilePath/CHE%20Bursins%20COA.svg
Canton of Vaud,Burtigny,http://commons.wikimedia.org/wiki/Special:FilePath/CHE%20Burtigny%20COA.svg
Canton of Vaud,Bussigny,http://commons.wikimedia.org/wiki/Special:FilePath/CHE%20Bussigny%20COA.svg
Canton of Vaud,Bussy-sur-Moudon,http://commons.wikimedia.org/wiki/Special:FilePath/CHE%20Bussy-sur-Moudon%20COA.svg
Canton of Vaud,Chamblon,http://commons.wikimedia.org/wiki/Special:FilePath/CHE%20Chamblon%20COA.svg
Canton of Vaud,Champagne,http://commons.wikimedia.org/wiki/Special:FilePath/CHE%20Champagne%20COA.svg
Canton of Vaud,Champtauroz,http://commons.wikimedia.org/wiki/Special:FilePath/CHE%20Champtauroz%20COA.svg
Canton of Vaud,Champvent,http://commons.wikimedia.org/wiki/Special:FilePath/CHE%20Champvent%20COA.svg
Canton of Vaud,Chardonne,http://commons.wikimedia.org/wiki/Special:FilePath/CHE%20Chardonne%20COA.svg
Canton of Vaud,Chavannes-de-Bogis,http://commons.wikimedia.org/wiki/Special:FilePath/CHE%20Chavannes-de-Bogis%20COA.svg
Canton of Vaud,Chavannes-des-Bois,http://commons.wikimedia.org/wiki/Special:FilePath/CHE%20Chavannes-des-Bois%20COA.svg
Canton of Vaud,Chavannes-le-Chêne,http://commons.wikimedia.org/wiki/Special:FilePath/CHE%20Chavannes-le-Ch%C3%AAne%20COA.svg
Canton of Vaud,Chavannes-le-Veyron,http://commons.wikimedia.org/wiki/Special:FilePath/CHE%20Chavannes-le-Veyron%20COA.svg
Canton of Vaud,Chavannes-près-Renens,http://commons.wikimedia.org/wiki/Special:FilePath/CHE%20Chavannes-pr%C3%A8s-Renens%20COA.svg
Canton of Vaud,Chavannes-sur-Moudon,http://commons.wikimedia.org/wiki/Special:FilePath/CHE%20Chavannes-sur-Moudon%20COA.svg
Canton of Vaud,Chavornay,http://commons.wikimedia.org/wiki/Special:FilePath/CHE%20Chavornay%20COA.svg
Canton of Vaud,Cheseaux-Noréaz,http://commons.wikimedia.org/wiki/Special:FilePath/CHE%20Cheseaux-Nor%C3%A9az%20COA.svg
Canton of Vaud,Cheseaux-sur-Lausanne,http://commons.wikimedia.org/wiki/Special:FilePath/CHE%20Cheseaux-sur-Lausanne%20COA.svg
Canton of Vaud,Chessel,http://commons.wikimedia.org/wiki/Special:FilePath/CHE%20Chessel%202004%20COA.svg
Canton of Vaud,Chessel,http://commons.wikimedia.org/wiki/Special:FilePath/CHE%20Chessel%20COA.svg
Canton of Vaud,Chevilly,http://commons.wikimedia.org/wiki/Special:FilePath/CHE%20Chevilly%20COA.svg
Canton of Vaud,Chevroux,http://commons.wikimedia.org/wiki/Special:FilePath/CHE%20Chevroux%20COA.svg
Canton of Vaud,Chexbres,http://commons.wikimedia.org/wiki/Special:FilePath/CHE%20Chexbres%20COA.svg
Canton of Vaud,Chigny,http://commons.wikimedia.org/wiki/Special:FilePath/CHE%20Chigny%20COA.svg
Canton of Vaud,Château-d’Oex,http://commons.wikimedia.org/wiki/Special:FilePath/CHE%20Ch%C3%A2teau%20d%E2%80%99Oex%20COA.svg
Canton of Vaud,Chéserex,http://commons.wikimedia.org/wiki/Special:FilePath/CHE%20Ch%C3%A9serex%20COA.svg
Canton of Vaud,Chêne-Pâquier,http://commons.wikimedia.org/wiki/Special:FilePath/CHE%20Ch%C3%AAne-P%C3%A2quier%20COA.svg
Canton of Vaud,Clarmont,http://commons.wikimedia.org/wiki/Special:FilePath/CHE%20Clarmont%20COA.svg
Canton of Vaud,Coinsins,http://commons.wikimedia.org/wiki/Special:FilePath/CHE%20Coinsins%20COA.svg
Canton of Vaud,Commugny,http://commons.wikimedia.org/wiki/Special:FilePath/CHE%20Commugny%20COA.svg
Canton of Vaud,Concise,http://commons.wikimedia.org/wiki/Special:FilePath/CHE%20Concise%20COA.svg
Canton of Vaud,Coppet,http://commons.wikimedia.org/wiki/Special:FilePath/CHE%20Coppet%20COA.svg
Canton of Vaud,Corbeyrier,http://commons.wikimedia.org/wiki/Special:FilePath/CHE%20Corbeyrier%20COA.svg
Canton of Vaud,Corcelles-le-Jorat,http://commons.wikimedia.org/wiki/Special:FilePath/CHE%20Corcelles-le-Jorat%20COA.svg
Canton of Vaud,Corcelles-près-Concise,http://commons.wikimedia.org/wiki/Special:FilePath/CHE%20Corcelles-pr%C3%A8s-Concise%20COA.svg
Canton of Vaud,Corcelles-près-Payerne,http://commons.wikimedia.org/wiki/Special:FilePath/CHE%20Corcelles-pr%C3%A8s-Payerne%20COA.svg
Canton of Vaud,Corseaux,http://commons.wikimedia.org/wiki/Special:FilePath/CHE%20Corseaux%20COA.svg
Canton of Vaud,Corsier-sur-Vevey,http://commons.wikimedia.org/wiki/Special:FilePath/CHE%20Corsier-sur-Vevey%20COA.svg
Canton of Vaud,Cossonay,http://commons.wikimedia.org/wiki/Special:FilePath/CHE%20Cossonay%20COA.svg
Canton of Vaud,Crans,http://commons.wikimedia.org/wiki/Special:FilePath/CHE%20Crans%20VD%20COA.svg
Canton of Vaud,Crassier,http://commons.wikimedia.org/wiki/Special:FilePath/CHE%20Crassier%20COA.svg
Canton of Vaud,Crissier,http://commons.wikimedia.org/wiki/Special:FilePath/CHE%20Crissier%20COA.svg
Canton of Vaud,Cronay,http://commons.wikimedia.org/wiki/Special:FilePath/CHE%20Cronay%20COA.svg
Canton of Vaud,Croy,http://commons.wikimedia.org/wiki/Special:FilePath/CHE%20Croy%20COA.svg
Canton of Vaud,Cuarnens,http://commons.wikimedia.org/wiki/Special:FilePath/CHE%20Cuarnens%20COA.svg
Canton of Vaud,Cuarny,http://commons.wikimedia.org/wiki/Special:FilePath/CHE%20Cuarny%20COA.svg
Canton of Vaud,Cudrefin,http://commons.wikimedia.org/wiki/Special:FilePath/CHE%20Cudrefin%20COA.svg
Canton of Vaud,Cugy,http://commons.wikimedia.org/wiki/Special:FilePath/CHE%20Cugy%20VD%20COA.svg
Canton of Vaud,Curtilles,http://commons.wikimedia.org/wiki/Special:FilePath/CHE%20Curtilles%20COA.svg
Canton of Vaud,Daillens,http://commons.wikimedia.org/wiki/Special:FilePath/CHE%20Daillens%20COA.svg
Canton of Vaud,Denens,http://commons.wikimedia.org/wiki/Special:FilePath/CHE%20Denens%20COA.svg
Canton of Vaud,Denges,http://commons.wikimedia.org/wiki/Special:FilePath/CHE%20Denges%20COA.svg
Canton of Vaud,Dizy,http://commons.wikimedia.org/wiki/Special:FilePath/CHE%20Dizy%20COA.svg
Canton of Vaud,Dompierre,http://commons.wikimedia.org/wiki/Special:FilePath/CHE%20Dompierre%20VD%20COA.svg
Canton of Vaud,Donneloye,http://commons.wikimedia.org/wiki/Special:FilePath/CHE%20Donneloye%20COA.svg
Canton of Vaud,Duillier,http://commons.wikimedia.org/wiki/Special:FilePath/CHE%20Duillier%20COA.svg
Canton of Vaud,Dully,http://commons.wikimedia.org/wiki/Special:FilePath/CHE%20Dully%20COA.svg
Canton of Vaud,Démoret,http://commons.wikimedia.org/wiki/Special:FilePath/CHE%20D%C3%A9moret%20COA.svg
Canton of Vaud,Echallens,http://commons.wikimedia.org/wiki/Special:FilePath/CHE%20Echallens%20COA.svg
Canton of Vaud,Echandens,http://commons.wikimedia.org/wiki/Special:FilePath/CHE%20Echandens%20COA.svg
Canton of Vaud,Echichens,http://commons.wikimedia.org/wiki/Special:FilePath/CHE%20Echichens%20COA.svg
Canton of Vaud,Eclépens,http://commons.wikimedia.org/wiki/Special:FilePath/CHE%20Ecl%C3%A9pens%20COA.svg
Canton of Vaud,Ecublens,http://commons.wikimedia.org/wiki/Special:FilePath/CHE%20Ecublens%20VD%20COA.svg
Canton of Vaud,Epalinges,http://commons.wikimedia.org/wiki/Special:FilePath/CHE%20%C3%89palinges%20COA.svg
Canton of Vaud,Ependes,http://commons.wikimedia.org/wiki/Special:FilePath/CHE%20Ependes%20COA.svg
Canton of Vaud,Essertines-sur-Rolle,http://commons.wikimedia.org/wiki/Special:FilePath/CHE%20Essertines-sur-Rolle%20COA.svg
Canton of Vaud,Essertines-sur-Yverdon,http://commons.wikimedia.org/wiki/Special:FilePath/CHE%20Essertines-sur-Yverdon%20COA.svg
Canton of Vaud,Etagnières,http://commons.wikimedia.org/wiki/Special:FilePath/CHE%20%C3%89tagni%C3%A8res%20COA.svg
Canton of Vaud,Etoy,http://commons.wikimedia.org/wiki/Special:FilePath/CHE%20Etoy%20COA.svg
Canton of Vaud,Eysins,http://commons.wikimedia.org/wiki/Special:FilePath/CHE%20Eysins%20COA.svg
Canton of Vaud,Faoug,http://commons.wikimedia.org/wiki/Special:FilePath/CHE%20Faoug%20COA.svg
Canton of Vaud,Ferreyres,http://commons.wikimedia.org/wiki/Special:FilePath/CHE%20Ferreyres%20COA.svg
Canton of Vaud,Fey,http://commons.wikimedia.org/wiki/Special:FilePath/CHE%20Fey%20COA.svg
Canton of Vaud,Fiez,http://commons.wikimedia.org/wiki/Special:FilePath/CHE%20Fiez%20COA.svg
Canton of Vaud,Fontaines-sur-Grandson,http://commons.wikimedia.org/wiki/Special:FilePath/CHE%20Fontaines-sur-Grandson%20COA.svg
Canton of Vaud,Forel,http://commons.wikimedia.org/wiki/Special:FilePath/CHE%20Forel%20%28Lavaux%29%20COA.svg
Canton of Vaud,Founex,http://commons.wikimedia.org/wiki/Special:FilePath/CHE%20Founex%20COA.svg
Canton of Vaud,Froideville,http://commons.wikimedia.org/wiki/Special:FilePath/CHE%20Froideville%20COA.svg
Canton of Vaud,Féchy,http://commons.wikimedia.org/wiki/Special:FilePath/CHE%20F%C3%A9chy%20COA.svg
Canton of Vaud,Genolier,http://commons.wikimedia.org/wiki/Special:FilePath/CHE%20Genolier%20COA.svg
Canton of Vaud,Giez,http://commons.wikimedia.org/wiki/Special:FilePath/CHE%20Giez%20COA.svg
Canton of Vaud,Gilly,http://commons.wikimedia.org/wiki/Special:FilePath/CHE%20Gilly%20COA.svg
Canton of Vaud,Gimel,http://commons.wikimedia.org/wiki/Special:FilePath/CHE%20Gimel%20COA.svg
Canton of Vaud,Gingins,http://commons.wikimedia.org/wiki/Special:FilePath/CHE%20Gingins%20COA.svg
Canton of Vaud,Givrins,http://commons.wikimedia.org/wiki/Special:FilePath/CHE%20Givrins%20COA.svg
Canton of Vaud,Gland,http://commons.wikimedia.org/wiki/Special:FilePath/CHE%20Gland%20COA.svg
Canton of Vaud,Gollion,http://commons.wikimedia.org/wiki/Special:FilePath/CHE%20Gollion%20COA.svg
Canton of Vaud,Goumoëns,http://commons.wikimedia.org/wiki/Special:FilePath/CHE%20Goumo%C3%ABns%20COA.svg
Canton of Vaud,Grancy,http://commons.wikimedia.org/wiki/Special:FilePath/CHE%20Grancy%20COA.svg
Canton of Vaud,Grandcour,http://commons.wikimedia.org/wiki/Special:FilePath/CHE%20Grandcour%20COA.svg
Canton of Vaud,Grandevent,http://commons.wikimedia.org/wiki/Special:FilePath/CHE%20Grandevent%20COA.svg
Canton of Vaud,Grandson,http://commons.wikimedia.org/wiki/Special:FilePath/CHE%20Grandson%20COA.svg
Canton of Vaud,Grens,http://commons.wikimedia.org/wiki/Special:FilePath/CHE%20Grens%20COA.svg
Canton of Vaud,Gryon,http://commons.wikimedia.org/wiki/Special:FilePath/CHE%20Gryon%20COA.svg
Canton of Vaud,Hautemorges,http://commons.wikimedia.org/wiki/Special:FilePath/CHE%20Hautemorges%20COA.svg
Canton of Vaud,Henniez,http://commons.wikimedia.org/wiki/Special:FilePath/CHE%20Henniez%20COA.svg
Canton of Vaud,Hermenches,http://commons.wikimedia.org/wiki/Special:FilePath/CHE%20Hermenches%20COA.svg
Canton of Vaud,Jongny,http://commons.wikimedia.org/wiki/Special:FilePath/CHE%20Jongny%20COA.svg
Canton of Vaud,Jorat-Menthue,http://commons.wikimedia.org/wiki/Special:FilePath/CHE%20Jorat-Menthue%20COA.svg
Canton of Vaud,Jorat-Mézières,http://commons.wikimedia.org/wiki/Special:FilePath/CHE%20Jorat-M%C3%A9zi%C3%A8res%20COA.svg
Canton of Vaud,Jouxtens-Mézery,http://commons.wikimedia.org/wiki/Special:FilePath/CHE%20Jouxtens-M%C3%A9zery%20COA.svg
Canton of Vaud,Juriens,http://commons.wikimedia.org/wiki/Special:FilePath/CHE%20Juriens%20COA.svg
Canton of Vaud,L'Abbaye,http://commons.wikimedia.org/wiki/Special:FilePath/CHE%20L%E2%80%99Abbaye%20COA.svg
Canton of Vaud,L'Abergement,http://commons.wikimedia.org/wiki/Special:FilePath/CHE%20L-Abergement%20COA.svg
Canton of Vaud,L'Isle,http://commons.wikimedia.org/wiki/Special:FilePath/CHE%20L%27Isle%20COA.svg
Canton of Vaud,La Chaux (Cossonay),http://commons.wikimedia.org/wiki/Special:FilePath/CHE%20La%20Chaux%20%28Cossonay%29%20COA.svg
Canton of Vaud,La Praz,http://commons.wikimedia.org/wiki/Special:FilePath/CHE%20La%20Praz%20COA.svg
Canton of Vaud,La Rippe,http://commons.wikimedia.org/wiki/Special:FilePath/CHE%20La%20Rippe%20COA.svg
Canton of Vaud,La Sarraz,http://commons.wikimedia.org/wiki/Special:FilePath/CHE%20La%20Sarraz%20COA.svg
Canton of Vaud,La Tour-de-Peilz,http://commons.wikimedia.org/wiki/Special:FilePath/CHE%20La%20Tour-de-Peilz%20COA.svg
Canton of Vaud,La Vallée de Joux,http://commons.wikimedia.org/wiki/Special:FilePath/CHE%20La%20Vall%C3%A9e%20de%20Joux%20COA.svg
Canton of Vaud,Lausanne,http://commons.wikimedia.org/wiki/Special:FilePath/CHE%20Lausanne%20COA.svg
Canton of Vaud,Lavey-Morcles,http://commons.wikimedia.org/wiki/Special:FilePath/CHE%20Lavey-Morcles%20COA.svg
Canton of Vaud,Lavigny,http://commons.wikimedia.org/wiki/Special:FilePath/CHE%20Lavigny%20COA.svg
Canton of Vaud,Le Chenit,http://commons.wikimedia.org/wiki/Special:FilePath/CHE%20Le%20Chenit%20COA.svg
Canton of Vaud,Le Lieu,http://commons.wikimedia.org/wiki/Special:FilePath/CHE%20Le%20Lieu%20COA.svg
Canton of Vaud,Le Mont-sur-Lausanne,http://commons.wikimedia.org/wiki/Special:FilePath/CHE%20Le%20Mont-sur-Lausanne%20COA.svg
Canton of Vaud,Le Vaud,http://commons.wikimedia.org/wiki/Special:FilePath/CHE%20Le%20Vaud%20COA.svg
Canton of Vaud,Les Clées,http://commons.wikimedia.org/wiki/Special:FilePath/CHE%20Les%20Cl%C3%A9es%20COA.svg
Canton of Vaud,Leysin,http://commons.wikimedia.org/wiki/Special:FilePath/CHE%20Leysin%20COA.svg
Canton of Vaud,Lignerolle,http://commons.wikimedia.org/wiki/Special:FilePath/CHE%20Lignerolle%20COA.svg
Canton of Vaud,Lonay,http://commons.wikimedia.org/wiki/Special:FilePath/CHE%20Lonay%20COA.svg
Canton of Vaud,Longirod,http://commons.wikimedia.org/wiki/Special:FilePath/CHE%20Longirod%20COA.svg
Canton of Vaud,Lovatens,http://commons.wikimedia.org/wiki/Special:FilePath/CHE%20Lovatens%20COA.svg
Canton of Vaud,Lucens,http://commons.wikimedia.org/wiki/Special:FilePath/CHE%20Lucens%20COA.svg
Canton of Vaud,Luins,http://commons.wikimedia.org/wiki/Special:FilePath/CHE%20Luins%20COA.svg
Canton of Vaud,Lully,http://commons.wikimedia.org/wiki/Special:FilePath/CHE%20Lully%20VD%20COA.svg
Canton of Vaud,Lussery-Villars,http://commons.wikimedia.org/wiki/Special:FilePath/CHE%20Lussery-Villars%20COA.svg
Canton of Vaud,Lussy-sur-Morges,http://commons.wikimedia.org/wiki/Special:FilePath/CHE%20Lussy-sur-Morges%20COA.svg
Canton of Vaud,Lutry,http://commons.wikimedia.org/wiki/Special:FilePath/CHE%20Lutry%20COA.svg
Canton of Vaud,Maracon,http://commons.wikimedia.org/wiki/Special:FilePath/CHE%20Maracon%20COA.svg
Canton of Vaud,Marchissy,http://commons.wikimedia.org/wiki/Special:FilePath/CHE%20Marchissy%20COA.svg
Canton of Vaud,Mathod,http://commons.wikimedia.org/wiki/Special:FilePath/CHE%20Mathod%20COA.svg
Canton of Vaud,Mauborget,http://commons.wikimedia.org/wiki/Special:FilePath/CHE%20Mauborget%20COA.svg
Canton of Vaud,Mauraz,http://commons.wikimedia.org/wiki/Special:FilePath/CHE%20Mauraz%20COA.svg
Canton of Vaud,Mex,http://commons.wikimedia.org/wiki/Special:FilePath/CHE%20Mex%20VD%20COA.svg
Canton of Vaud,Mies,http://commons.wikimedia.org/wiki/Special:FilePath/CHE%20Mies%20COA.svg
Canton of Vaud,Missy,http://commons.wikimedia.org/wiki/Special:FilePath/CHE%20Missy%20COA.svg
Canton of Vaud,Moiry,http://commons.wikimedia.org/wiki/Special:FilePath/CHE%20Moiry%20COA.svg
Canton of Vaud,Mollens,http://commons.wikimedia.org/wiki/Special:FilePath/CHE%20Mollens%20COA.svg
Canton of Vaud,Molondin,http://commons.wikimedia.org/wiki/Special:FilePath/CHE%20Molondin%20COA.svg
Canton of Vaud,Mont-la-Ville,http://commons.wikimedia.org/wiki/Special:FilePath/CHE%20Mont-la-Ville%20COA.svg
Canton of Vaud,Mont-sur-Rolle,http://commons.wikimedia.org/wiki/Special:FilePath/CHE%20Mont-sur-Rolle%20COA.svg
Canton of Vaud,Montagny-près-Yverdon,http://commons.wikimedia.org/wiki/Special:FilePath/CHE%20Montagny-pr%C3%A8s-Yverdon%20COA.svg
Canton of Vaud,Montanaire,http://commons.wikimedia.org/wiki/Special:FilePath/CHE%20Montanaire%20COA.svg
Canton of Vaud,Montcherand,http://commons.wikimedia.org/wiki/Special:FilePath/CHE%20Montcherand%20COA.svg
Canton of Vaud,Montilliez,http://commons.wikimedia.org/wiki/Special:FilePath/CHE%20Montilliez%20COA.svg
Canton of Vaud,Montpreveyres,http://commons.wikimedia.org/wiki/Special:FilePath/CHE%20Montpreveyres%20COA.svg
Canton of Vaud,Montreux,http://commons.wikimedia.org/wiki/Special:FilePath/CHE%20Montreux%20COA.svg
Canton of Vaud,Montricher,http://commons.wikimedia.org/wiki/Special:FilePath/CHE%20Montricher%20COA.svg
Canton of Vaud,Morges,http://commons.wikimedia.org/wiki/Special:FilePath/CHE%20Morges%20COA.svg
Canton of Vaud,Morrens,http://commons.wikimedia.org/wiki/Special:FilePath/CHE%20Morrens%20COA.svg
Canton of Vaud,Moudon,http://commons.wikimedia.org/wiki/Special:FilePath/CHE%20Moudon%20COA.svg
Canton of Vaud,Mutrux,http://commons.wikimedia.org/wiki/Special:FilePath/CHE%20Mutrux%20COA.svg
Canton of Vaud,Novalles,http://commons.wikimedia.org/wiki/Special:FilePath/CHE%20Novalles%20COA.svg
Canton of Vaud,Noville,http://commons.wikimedia.org/wiki/Special:FilePath/CHE%20Noville%20COA.svg
Canton of Vaud,Nyon,http://commons.wikimedia.org/wiki/Special:FilePath/CHE%20Nyon%20COA.svg
Canton of Vaud,Ogens,http://commons.wikimedia.org/wiki/Special:FilePath/CHE%20Ogens%20COA.svg
Canton of Vaud,Ollon,http://commons.wikimedia.org/wiki/Special:FilePath/CHE%20Ollon%20VD%20COA.svg
Canton of Vaud,Onnens,http://commons.wikimedia.org/wiki/Special:FilePath/CHE%20Onnens%20COA.svg
Canton of Vaud,Oppens,http://commons.wikimedia.org/wiki/Special:FilePath/CHE%20Oppens%20COA.svg
Canton of Vaud,Orbe,http://commons.wikimedia.org/wiki/Special:FilePath/CHE%20Orbe%20COA.svg
Canton of Vaud,Orges,http://commons.wikimedia.org/wiki/Special:FilePath/CHE%20Orges%20COA.svg
Canton of Vaud,Ormont-Dessous,http://commons.wikimedia.org/wiki/Special:FilePath/CHE%20Ormont-Dessous%20COA.svg
Canton of Vaud,Ormont-Dessus,http://commons.wikimedia.org/wiki/Special:FilePath/CHE%20Ormont-Dessus%20COA.svg
Canton of Vaud,Orny,http://commons.wikimedia.org/wiki/Special:FilePath/CHE%20Orny%20COA.svg
Canton of Vaud,Oron,http://commons.wikimedia.org/wiki/Special:FilePath/CHE%20Oron%20COA.svg
Canton of Vaud,Orzens,http://commons.wikimedia.org/wiki/Special:FilePath/CHE%20Orzens%20COA.svg
Canton of Vaud,Oulens-sous-Echallens,http://commons.wikimedia.org/wiki/Special:FilePath/CHE%20Oulens-sous-Echallens%20COA.svg
Canton of Vaud,Pailly,http://commons.wikimedia.org/wiki/Special:FilePath/CHE%20Pailly%20COA.svg
Canton of Vaud,Paudex,http://commons.wikimedia.org/wiki/Special:FilePath/CHE%20Paudex%20COA.svg
Canton of Vaud,Payerne,http://commons.wikimedia.org/wiki/Special:FilePath/CHE%20Payerne%20VD%20COA.svg
Canton of Vaud,Penthalaz,http://commons.wikimedia.org/wiki/Special:FilePath/CHE%20Penthalaz%20COA.svg
Canton of Vaud,Penthaz,http://commons.wikimedia.org/wiki/Special:FilePath/CHE%20Penthaz%20COA.svg
Canton of Vaud,Penthéréaz,http://commons.wikimedia.org/wiki/Special:FilePath/CHE%20Penth%C3%A9r%C3%A9az%20COA.svg
Canton of Vaud,Perroy,http://commons.wikimedia.org/wiki/Special:FilePath/CHE%20Perroy%20COA.svg
Canton of Vaud,Poliez-Pittet,http://commons.wikimedia.org/wiki/Special:FilePath/CHE%20Poliez-Pittet%20COA.svg
Canton of Vaud,Pompaples,http://commons.wikimedia.org/wiki/Special:FilePath/CHE%20Pompaples%20COA.svg
Canton of Vaud,Pomy,http://commons.wikimedia.org/wiki/Special:FilePath/CHE%20Pomy%20COA.svg
Canton of Vaud,Prangins,http://commons.wikimedia.org/wiki/Special:FilePath/CHE%20Prangins%20COA.svg
Canton of Vaud,Premier,http://commons.wikimedia.org/wiki/Special:FilePath/CHE%20Premier%20COA.svg
Canton of Vaud,Prilly,http://commons.wikimedia.org/wiki/Special:FilePath/CHE%20Prilly%20COA.svg
Canton of Vaud,Provence,http://commons.wikimedia.org/wiki/Special:FilePath/CHE%20Provence%20COA.svg
Canton of Vaud,Préverenges,http://commons.wikimedia.org/wiki/Special:FilePath/CHE%20Pr%C3%A9verenges%20COA.svg
Canton of Vaud,Prévonloup,http://commons.wikimedia.org/wiki/Special:FilePath/CHE%20Pr%C3%A9vonloup%20COA.svg
Canton of Vaud,Puidoux,http://commons.wikimedia.org/wiki/Special:FilePath/CHE%20Puidoux%20COA.svg
Canton of Vaud,Pully,http://commons.wikimedia.org/wiki/Special:FilePath/CHE%20Pully%20COA.svg
Canton of Vaud,Rances,http://commons.wikimedia.org/wiki/Special:FilePath/CHE%20Rances%20COA.svg
Canton of Vaud,Renens,http://commons.wikimedia.org/wiki/Special:FilePath/CHE%20Renens%20COA.svg
Canton of Vaud,Rennaz,http://commons.wikimedia.org/wiki/Special:FilePath/CHE%20Rennaz%20COA.svg
Canton of Vaud,Rivaz,http://commons.wikimedia.org/wiki/Special:FilePath/CHE%20Rivaz%20COA.svg
Canton of Vaud,Roche,http://commons.wikimedia.org/wiki/Special:FilePath/CHE%20Roche%20COA.svg
Canton of Vaud,Rolle,http://commons.wikimedia.org/wiki/Special:FilePath/CHE%20Rolle%20COA.svg
Canton of Vaud,Romainmôtier-Envy,http://commons.wikimedia.org/wiki/Special:FilePath/CHE%20Romainmotier-Envy%20COA.svg
Canton of Vaud,Romanel-sur-Lausanne,http://commons.wikimedia.org/wiki/Special:FilePath/CHE%20Romanel-sur-Lausanne%20COA.svg
Canton of Vaud,Romanel-sur-Morges,http://commons.wikimedia.org/wiki/Special:FilePath/CHE%20Romanel-sur-Morges%20COA.svg
Canton of Vaud,Ropraz,http://commons.wikimedia.org/wiki/Special:FilePath/CHE%20Ropraz%20COA.svg
Canton of Vaud,Rossenges,http://commons.wikimedia.org/wiki/Special:FilePath/CHE%20Rossenges%20COA.svg
Canton of Vaud,Rossinière,http://commons.wikimedia.org/wiki/Special:FilePath/CHE%20Rossini%C3%A8re%20COA.svg
Canton of Vaud,Rougemont,http://commons.wikimedia.org/wiki/Special:FilePath/CHE%20Rougemont%20COA.svg
Canton of Vaud,Rovray,http://commons.wikimedia.org/wiki/Special:FilePath/CHE%20Rovray%20COA.svg
Canton of Vaud,Rueyres,http://commons.wikimedia.org/wiki/Special:FilePath/CHE%20Rueyres%20COA.svg
Canton of Vaud,Saint-Barthélemy,http://commons.wikimedia.org/wiki/Special:FilePath/CHE%20Saint-Barth%C3%A9lemy%20COA.svg
Canton of Vaud,Saint-Cergue,http://commons.wikimedia.org/wiki/Special:FilePath/CHE%20Saint-Cergue%20COA.svg
Canton of Vaud,Saint-George,http://commons.wikimedia.org/wiki/Special:FilePath/CHE%20Saint-George%20COA.svg
Canton of Vaud,Saint-Livres,http://commons.wikimedia.org/wiki/Special:FilePath/CHE%20Saint-Livres%20COA.svg
Canton of Vaud,Saint-Oyens,http://commons.wikimedia.org/wiki/Special:FilePath/CHE%20Saint-Oyens%20COA.svg
Canton of Vaud,Saint-Prex,http://commons.wikimedia.org/wiki/Special:FilePath/CHE%20Saint-Prex%20COA.svg
Canton of Vaud,Saint-Saphorin,http://commons.wikimedia.org/wiki/Special:FilePath/CHE%20Saint-Saphorin%20COA.svg
Canton of Vaud,Saint-Sulpice,http://commons.wikimedia.org/wiki/Special:FilePath/CHE%20Saint-Sulpice%20VD%20COA.svg
Canton of Vaud,Sainte-Croix,http://commons.wikimedia.org/wiki/Special:FilePath/CHE%20Sainte-Croix%20COA.svg
Canton of Vaud,Saubraz,http://commons.wikimedia.org/wiki/Special:FilePath/CHE%20Saubraz%20COA.svg
Canton of Vaud,Savigny,http://commons.wikimedia.org/wiki/Special:FilePath/CHE%20Savigny%20COA.svg
Canton of Vaud,Senarclens,http://commons.wikimedia.org/wiki/Special:FilePath/CHE%20Senarclens%20COA.svg
Canton of Vaud,Sergey,http://commons.wikimedia.org/wiki/Special:FilePath/CHE%20Sergey%20COA.svg
Canton of Vaud,Servion,http://commons.wikimedia.org/wiki/Special:FilePath/CHE%20Servion%20COA.svg
Canton of Vaud,Signy-Avenex,http://commons.wikimedia.org/wiki/Special:FilePath/CHE%20Signy-Avenex%20COA.svg
Canton of Vaud,Suchy,http://commons.wikimedia.org/wiki/Special:FilePath/CHE%20Suchy%20COA.svg
Canton of Vaud,Sullens,http://commons.wikimedia.org/wiki/Special:FilePath/CHE%20Sullens%20COA.svg
Canton of Vaud,Suscévaz,http://commons.wikimedia.org/wiki/Special:FilePath/CHE%20Susc%C3%A9vaz%20COA.svg
Canton of Vaud,Syens,http://commons.wikimedia.org/wiki/Special:FilePath/CHE%20Syens%20COA.svg
Canton of Vaud,Tannay,http://commons.wikimedia.org/wiki/Special:FilePath/CHE%20Tannay%20COA.svg
Canton of Vaud,Tartegnin,http://commons.wikimedia.org/wiki/Special:FilePath/CHE%20Tartegnin%20COA.svg
Canton of Vaud,Tolochenaz,http://commons.wikimedia.org/wiki/Special:FilePath/CHE%20Tolochenaz%20COA.svg
Canton of Vaud,Trey,http://commons.wikimedia.org/wiki/Special:FilePath/CHE%20Trey%20COA.svg
Canton of Vaud,Treycovagnes,http://commons.wikimedia.org/wiki/Special:FilePath/CHE%20Treycovagnes%20COA.svg
Canton of Vaud,Treytorrens,http://commons.wikimedia.org/wiki/Special:FilePath/CHE%20Treytorrens%20COA.svg
Canton of Vaud,Trélex,http://commons.wikimedia.org/wiki/Special:FilePath/CHE%20Tr%C3%A9lex%20COA.svg
Canton of Vaud,Tévenon,http://commons.wikimedia.org/wiki/Special:FilePath/CHE%20T%C3%A9venon%20COA.svg
Canton of Vaud,Ursins,http://commons.wikimedia.org/wiki/Special:FilePath/CHE%20Ursins%20COA.svg
Canton of Vaud,Valbroye,http://commons.wikimedia.org/wiki/Special:FilePath/CHE%20Valbroye%20COA.svg
Canton of Vaud,Valeyres-sous-Montagny,http://commons.wikimedia.org/wiki/Special:FilePath/CHE%20Valeyres-sous-Montagny%20COA.svg
Canton of Vaud,Valeyres-sous-Rances,http://commons.wikimedia.org/wiki/Special:FilePath/CHE%20Valeyres-sous-Rances%20COA.svg
Canton of Vaud,Valeyres-sous-Ursins,http://commons.wikimedia.org/wiki/Special:FilePath/CHE%20Valeyres-sous-Ursins%20COA.svg
Canton of Vaud,Vallorbe,http://commons.wikimedia.org/wiki/Special:FilePath/CHE%20Vallorbe%20COA.svg
Canton of Vaud,Vaulion,http://commons.wikimedia.org/wiki/Special:FilePath/CHE%20Vaulion%20COA.svg
Canton of Vaud,Vaux-sur-Morges,http://commons.wikimedia.org/wiki/Special:FilePath/CHE%20Vaux-sur-Morges%20COA.svg
Canton of Vaud,Vevey,http://commons.wikimedia.org/wiki/Special:FilePath/CHE%20Vevey%20COA.svg
Canton of Vaud,Veytaux,http://commons.wikimedia.org/wiki/Special:FilePath/CHE%20Veytaux%20COA.svg
Canton of Vaud,Vich,http://commons.wikimedia.org/wiki/Special:FilePath/CHE%20Vich%20COA.svg
Canton of Vaud,Villars-Epeney,http://commons.wikimedia.org/wiki/Special:FilePath/CHE%20Villars-Epeney%20COA.svg
Canton of Vaud,Villars-Sainte-Croix,http://commons.wikimedia.org/wiki/Special:FilePath/CHE%20Villars-Sainte-Croix%20COA.svg
Canton of Vaud,Villars-le-Comte,http://commons.wikimedia.org/wiki/Special:FilePath/CHE%20Villars-le-Comte%20COA.svg
Canton of Vaud,Villars-le-Terroir,http://commons.wikimedia.org/wiki/Special:FilePath/CHE%20Villars-le-Terroir%20COA.svg
Canton of Vaud,Villars-sous-Yens,http://commons.wikimedia.org/wiki/Special:FilePath/CHE%20Villars-sous-Yens%20COA.svg
Canton of Vaud,Villarzel,http://commons.wikimedia.org/wiki/Special:FilePath/CHE%20Villarzel%20COA.svg
Canton of Vaud,Villeneuve,http://commons.wikimedia.org/wiki/Special:FilePath/CHE%20Villeneuve%20COA.svg
Canton of Vaud,Vinzel,http://commons.wikimedia.org/wiki/Special:FilePath/CHE%20Vinzel%20COA.svg
Canton of Vaud,Vuarrens,http://commons.wikimedia.org/wiki/Special:FilePath/CHE%20Vuarrens%20COA.svg
Canton of Vaud,Vucherens,http://commons.wikimedia.org/wiki/Special:FilePath/CHE%20Vucherens%20COA.svg
Canton of Vaud,Vufflens-la-Ville,http://commons.wikimedia.org/wiki/Special:FilePath/CHE%20Vufflens-la-Ville%20COA.svg
Canton of Vaud,Vufflens-le-Château,http://commons.wikimedia.org/wiki/Special:FilePath/CHE%20Vufflens-le-Ch%C3%A2teau%20COA.svg
Canton of Vaud,Vugelles-La Mothe,http://commons.wikimedia.org/wiki/Special:FilePath/CHE%20Vugelles-La%20Mothe%20COA.svg
Canton of Vaud,Vuiteboeuf,http://commons.wikimedia.org/wiki/Special:FilePath/CHE%20Vuiteboeuf%20COA.svg
Canton of Vaud,Vulliens,http://commons.wikimedia.org/wiki/Special:FilePath/CHE%20Vulliens%20COA.svg
Canton of Vaud,Vullierens,http://commons.wikimedia.org/wiki/Special:FilePath/CHE%20Vullierens%20COA.svg
Canton of Vaud,Vully-les-Lacs,http://commons.wikimedia.org/wiki/Special:FilePath/CHE%20Vully-les-Lacs%20COA.svg
Canton of Vaud,Yens,http://commons.wikimedia.org/wiki/Special:FilePath/CHE%20Yens%20COA.svg
Canton of Vaud,Yverdon-les-Bains,http://commons.wikimedia.org/wiki/Special:FilePath/CHE%20Yverdon-les-Bains%20VD%20COA.svg
Canton of Vaud,Yvonand,http://commons.wikimedia.org/wiki/Special:FilePath/CHE%20Yvonand%20COA.svg
Canton of Vaud,Yvorne,http://commons.wikimedia.org/wiki/Special:FilePath/CHE%20Yvorne%20COA.svg
Canton of Zug,Baar,http://commons.wikimedia.org/wiki/Special:FilePath/CHE%20Baar%20COA.svg
Canton of Zug,Cham,http://commons.wikimedia.org/wiki/Special:FilePath/CHE%20Cham%20COA.svg
Canton of Zug,Hünenberg,http://commons.wikimedia.org/wiki/Special:FilePath/CHE%20H%C3%BCnenberg%20COA.svg
Canton of Zug,Menzingen,http://commons.wikimedia.org/wiki/Special:FilePath/Menzingen-coat%20of%20arms.svg
Canton of Zug,Neuheim,http://commons.wikimedia.org/wiki/Special:FilePath/Neuheim-Blazono.png
Canton of Zug,Oberägeri,http://commons.wikimedia.org/wiki/Special:FilePath/Ober%C3%A4geri%20Wappen.svg
Canton of Zug,Risch,http://commons.wikimedia.org/wiki/Special:FilePath/Wappen%20Risch%20Rotkreuz.svg
Canton of Zug,Steinhausen,http://commons.wikimedia.org/wiki/Special:FilePath/Steinhausen%20Wappen.svg
Canton of Zug,Unterägeri,http://commons.wikimedia.org/wiki/Special:FilePath/CHE%20Unter%C3%A4geri%20COA.svg
Canton of Zug,Walchwil,http://commons.wikimedia.org/wiki/Special:FilePath/CHE%20Walchwil%20COA.svg
Canton of Zug,Zug,http://commons.wikimedia.org/wiki/Special:FilePath/CHE%20Zug%20ZG%20COA.svg
Canton of Zürich,Adliswil,http://commons.wikimedia.org/wiki/Special:FilePath/CHE%20Adliswil%20COA.svg
Canton of Zürich,Aesch,http://commons.wikimedia.org/wiki/Special:FilePath/CHE%20Aesch%20COA.svg
Canton of Zürich,Aeugst am Albis,http://commons.wikimedia.org/wiki/Special:FilePath/CHE%20Aeugst%20am%20Albis%20COA.svg
Canton of Zürich,Affoltern am Albis,http://commons.wikimedia.org/wiki/Special:FilePath/CHE%20Affoltern%20am%20Albis%20COA.svg
Canton of Zürich,Altikon,http://commons.wikimedia.org/wiki/Special:FilePath/CHE%20Altikon%20COA.svg
Canton of Zürich,Andelfingen,http://commons.wikimedia.org/wiki/Special:FilePath/CHE%20Andelfingen%20COA.svg
Canton of Zürich,Bachenbülach,http://commons.wikimedia.org/wiki/Special:FilePath/CHE%20Bachenb%C3%BClach%20COA.svg
Canton of Zürich,Bachs,http://commons.wikimedia.org/wiki/Special:FilePath/CHE%20Bachs%20COA.svg
Canton of Zürich,Bassersdorf,http://commons.wikimedia.org/wiki/Special:FilePath/CHE%20Bassersdorf%20COA.svg
Canton of Zürich,Bauma,http://commons.wikimedia.org/wiki/Special:FilePath/CHE%20Bauma%20COA.svg
Canton of Zürich,Benken,http://commons.wikimedia.org/wiki/Special:FilePath/CHE%20Benken%20COA.svg
Canton of Zürich,Berg am Irchel,http://commons.wikimedia.org/wiki/Special:FilePath/CHE%20Berg%20am%20Irchel%20COA.svg
Canton of Zürich,Birmensdorf,http://commons.wikimedia.org/wiki/Special:FilePath/CHE%20Birmensdorf%20COA.svg
Canton of Zürich,Bonstetten,http://commons.wikimedia.org/wiki/Special:FilePath/CHE%20Bonstetten%20COA.svg
Canton of Zürich,Boppelsen,http://commons.wikimedia.org/wiki/Special:FilePath/CHE%20Boppelsen%20COA.svg
Canton of Zürich,Brütten,http://commons.wikimedia.org/wiki/Special:FilePath/CHE%20Br%C3%BCtten%20COA.svg
Canton of Zürich,Bubikon,http://commons.wikimedia.org/wiki/Special:FilePath/CHE%20Bubikon%20COA.svg
Canton of Zürich,Buch am Irchel,http://commons.wikimedia.org/wiki/Special:FilePath/CHE%20Buch%20am%20Irchel%20COA.svg
Canton of Zürich,Buchs,http://commons.wikimedia.org/wiki/Special:FilePath/CHE%20Buchs%20COA.svg
Canton of Zürich,Bäretswil,http://commons.wikimedia.org/wiki/Special:FilePath/CHE%20B%C3%A4retswil%20COA.svg
Canton of Zürich,Bülach,http://commons.wikimedia.org/wiki/Special:FilePath/CHE%20B%C3%BClach%20COA.svg
Canton of Zürich,Dachsen,http://commons.wikimedia.org/wiki/Special:FilePath/CHE%20Dachsen%20COA.svg
Canton of Zürich,Dielsdorf,http://commons.wikimedia.org/wiki/Special:FilePath/CHE%20Dielsdorf%20COA.svg
Canton of Zürich,Dietikon,http://commons.wikimedia.org/wiki/Special:FilePath/CHE%20Dietikon%20COA.svg
Canton of Zürich,Dietlikon,http://commons.wikimedia.org/wiki/Special:FilePath/CHE%20Dietlikon%20COA.svg
Canton of Zürich,Dinhard,http://commons.wikimedia.org/wiki/Special:FilePath/CHE%20Dinhard%20COA.svg
Canton of Zürich,Dorf,http://commons.wikimedia.org/wiki/Special:FilePath/CHE%20Dorf%20COA.svg
Canton of Zürich,Dägerlen,http://commons.wikimedia.org/wiki/Special:FilePath/CHE%20D%C3%A4gerlen%20COA.svg
Canton of Zürich,Dällikon,http://commons.wikimedia.org/wiki/Special:FilePath/CHE%20D%C3%A4llikon%20COA.svg
Canton of Zürich,Dänikon,http://commons.wikimedia.org/wiki/Special:FilePath/CHE%20D%C3%A4nikon%20COA.svg
Canton of Zürich,Dättlikon,http://commons.wikimedia.org/wiki/Special:FilePath/CHE%20D%C3%A4ttlikon%20COA.svg
Canton of Zürich,Dübendorf,http://commons.wikimedia.org/wiki/Special:FilePath/CHE%20D%C3%BCbendorf%20COA.svg
Canton of Zürich,Dürnten,http://commons.wikimedia.org/wiki/Special:FilePath/CHE%20D%C3%BCrnten%20COA.svg
Canton of Zürich,Egg,http://commons.wikimedia.org/wiki/Special:FilePath/CHE%20Egg%20COA.svg
Canton of Zürich,Eglisau,http://commons.wikimedia.org/wiki/Special:FilePath/CHE%20Eglisau%20COA.svg
Canton of Zürich,Elgg,http://commons.wikimedia.org/wiki/Special:FilePath/CHE%20Elgg%20COA.svg
Canton of Zürich,Ellikon an der Thur,http://commons.wikimedia.org/wiki/Special:FilePath/CHE%20Ellikon%20an%20der%20Thur%20COA.svg
Canton of Zürich,Elsau,http://commons.wikimedia.org/wiki/Special:FilePath/CHE%20Elsau%20COA.svg
Canton of Zürich,Embrach,http://commons.wikimedia.org/wiki/Special:FilePath/CHE%20Embrach%20COA.svg
Canton of Zürich,Erlenbach,http://commons.wikimedia.org/wiki/Special:FilePath/CHE%20Erlenbach%20COA.svg
Canton of Zürich,Fehraltorf,http://commons.wikimedia.org/wiki/Special:FilePath/CHE%20Fehraltorf%20COA.svg
Canton of Zürich,Feuerthalen,http://commons.wikimedia.org/wiki/Special:FilePath/CHE%20Feuerthalen%20COA.svg
Canton of Zürich,Fischenthal,http://commons.wikimedia.org/wiki/Special:FilePath/CHE%20Fischenthal%20COA.svg
Canton of Zürich,Flaach,http://commons.wikimedia.org/wiki/Special:FilePath/CHE%20Flaach%20COA.svg
Canton of Zürich,Flurlingen,http://commons.wikimedia.org/wiki/Special:FilePath/CHE%20Flurlingen%20COA.svg
Canton of Zürich,Freienstein-Teufen,http://commons.wikimedia.org/wiki/Special:FilePath/CHE%20Freienstein-Teufen%20COA.svg
Canton of Zürich,Fällanden,http://commons.wikimedia.org/wiki/Special:FilePath/CHE%20F%C3%A4llanden%20COA.svg
Canton of Zürich,Geroldswil,http://commons.wikimedia.org/wiki/Special:FilePath/CHE%20Geroldswil%20COA.svg
Canton of Zürich,Glattfelden,http://commons.wikimedia.org/wiki/Special:FilePath/CHE%20Glattfelden%20COA.svg
Canton of Zürich,Gossau,http://commons.wikimedia.org/wiki/Special:FilePath/CHE%20Gossau%20ZH%20COA.svg
Canton of Zürich,Greifensee,http://commons.wikimedia.org/wiki/Special:FilePath/CHE%20Greifensee%20COA.svg
Canton of Zürich,Grüningen,http://commons.wikimedia.org/wiki/Special:FilePath/CHE%20Gr%C3%BCningen%20COA.svg
Canton of Zürich,Hagenbuch,http://commons.wikimedia.org/wiki/Special:FilePath/CHE%20Hagenbuch%20COA.svg
Canton of Zürich,Hausen am Albis,http://commons.wikimedia.org/wiki/Special:FilePath/CHE%20Hausen%20am%20Albis%20COA.svg
Canton of Zürich,Hedingen,http://commons.wikimedia.org/wiki/Special:FilePath/CHE%20Hedingen%20COA.svg
Canton of Zürich,Henggart,http://commons.wikimedia.org/wiki/Special:FilePath/CHE%20Henggart%20COA.svg
Canton of Zürich,Herrliberg,http://commons.wikimedia.org/wiki/Special:FilePath/CHE%20Herrliberg%20COA.svg
Canton of Zürich,Hettlingen,http://commons.wikimedia.org/wiki/Special:FilePath/CHE%20Hettlingen%20COA.svg
Canton of Zürich,Hinwil,http://commons.wikimedia.org/wiki/Special:FilePath/CHE%20Hinwil%20COA.svg
Canton of Zürich,Hittnau,http://commons.wikimedia.org/wiki/Special:FilePath/CHE%20Hittnau%20COA.svg
Canton of Zürich,Hochfelden,http://commons.wikimedia.org/wiki/Special:FilePath/CHE%20Hochfelden%20COA.svg
Canton of Zürich,Hombrechtikon,http://commons.wikimedia.org/wiki/Special:FilePath/CHE%20Hombrechtikon%20COA.svg
Canton of Zürich,Horgen,http://commons.wikimedia.org/wiki/Special:FilePath/CHE%20Horgen%20COA.svg
Canton of Zürich,Höri,http://commons.wikimedia.org/wiki/Special:FilePath/CHE%20H%C3%B6ri%20COA.svg
Canton of Zürich,Hüntwangen,http://commons.wikimedia.org/wiki/Special:FilePath/CHE%20H%C3%BCntwangen%20COA.svg
Canton of Zürich,Hüttikon,http://commons.wikimedia.org/wiki/Special:FilePath/CHE%20H%C3%BCttikon%20COA.svg
Canton of Zürich,Illnau-Effretikon,http://commons.wikimedia.org/wiki/Special:FilePath/CHE%20Illnau-Effretikon%20COA.svg
Canton of Zürich,Kappel am Albis,http://commons.wikimedia.org/wiki/Special:FilePath/CHE%20Kappel%20am%20Albis%20COA.svg
Canton of Zürich,Kilchberg,http://commons.wikimedia.org/wiki/Special:FilePath/CHE%20Kilchberg%20COA.svg
Canton of Zürich,Kleinandelfingen,http://commons.wikimedia.org/wiki/Special:FilePath/CHE%20Kleinandelfingen%20COA.svg
Canton of Zürich,Kloten,http://commons.wikimedia.org/wiki/Special:FilePath/CHE%20Kloten%20COA.svg
Canton of Zürich,Knonau,http://commons.wikimedia.org/wiki/Special:FilePath/CHE%20Knonau%20COA.svg
Canton of Zürich,Küsnacht,http://commons.wikimedia.org/wiki/Special:FilePath/CHE%20K%C3%BCsnacht%20COA.svg
Canton of Zürich,Langnau am Albis,http://commons.wikimedia.org/wiki/Special:FilePath/CHE%20Langnau%20am%20Albis%20COA.svg
Canton of Zürich,Laufen-Uhwiesen,http://commons.wikimedia.org/wiki/Special:FilePath/CHE%20Laufen-Uhwiesen%20COA.svg
Canton of Zürich,Lindau,http://commons.wikimedia.org/wiki/Special:FilePath/CHE%20Lindau%20COA.svg
Canton of Zürich,Lufingen,http://commons.wikimedia.org/wiki/Special:FilePath/CHE%20Lufingen%20COA.svg
Canton of Zürich,Marthalen,http://commons.wikimedia.org/wiki/Special:FilePath/CHE%20Marthalen%20COA.svg
Canton of Zürich,Maschwanden,http://commons.wikimedia.org/wiki/Special:FilePath/CHE%20Maschwanden%20COA.svg
Canton of Zürich,Maur,http://commons.wikimedia.org/wiki/Special:FilePath/CHE%20Maur%20COA.svg
Canton of Zürich,Meilen,http://commons.wikimedia.org/wiki/Special:FilePath/CHE%20Meilen%20COA.svg
Canton of Zürich,Mettmenstetten,http://commons.wikimedia.org/wiki/Special:FilePath/CHE%20Mettmenstetten%20COA.svg
Canton of Zürich,Männedorf,http://commons.wikimedia.org/wiki/Special:FilePath/CHE%20M%C3%A4nnedorf%20COA.svg
Canton of Zürich,Mönchaltorf,http://commons.wikimedia.org/wiki/Special:FilePath/CHE%20M%C3%B6nchaltorf%20COA.svg
Canton of Zürich,Neerach,http://commons.wikimedia.org/wiki/Special:FilePath/CHE%20Neerach%20COA.svg
Canton of Zürich,Neftenbach,http://commons.wikimedia.org/wiki/Special:FilePath/CHE%20Neftenbach%20COA.svg
Canton of Zürich,Niederglatt,http://commons.wikimedia.org/wiki/Special:FilePath/CHE%20Niederglatt%20COA.svg
Canton of Zürich,Niederhasli,http://commons.wikimedia.org/wiki/Special:FilePath/CHE%20Niederhasli%20COA%20%28side%29.svg
Canton of Zürich,Niederweningen,http://commons.wikimedia.org/wiki/Special:FilePath/CHE%20Niederweningen%20COA.svg
Canton of Zürich,Nürensdorf,http://commons.wikimedia.org/wiki/Special:FilePath/CHE%20N%C3%BCrensdorf%20COA.svg
Canton of Zürich,Oberembrach,http://commons.wikimedia.org/wiki/Special:FilePath/CHE%20Oberembrach%20COA.svg
Canton of Zürich,Oberengstringen,http://commons.wikimedia.org/wiki/Special:FilePath/CHE%20Oberengstringen%20COA.svg
Canton of Zürich,Oberglatt,http://commons.wikimedia.org/wiki/Special:FilePath/CHE%20Oberglatt%20COA.svg
Canton of Zürich,Oberrieden,http://commons.wikimedia.org/wiki/Special:FilePath/CHE%20Oberrieden%20COA.svg
Canton of Zürich,Oberweningen,http://commons.wikimedia.org/wiki/Special:FilePath/CHE%20Oberweningen%20COA.svg
Canton of Zürich,Obfelden,http://commons.wikimedia.org/wiki/Special:FilePath/CHE%20Obfelden%20COA.svg
Canton of Zürich,Oetwil am See,http://commons.wikimedia.org/wiki/Special:FilePath/CHE%20Oetwil%20am%20See%20COA.svg
Canton of Zürich,Oetwil an der Limmat,http://commons.wikimedia.org/wiki/Special:FilePath/CHE%20Oetwil%20an%20der%20Limmat%20COA.svg
Canton of Zürich,Opfikon,http://commons.wikimedia.org/wiki/Special:FilePath/CHE%20Opfikon%20COA.svg
Canton of Zürich,Ossingen,http://commons.wikimedia.org/wiki/Special:FilePath/CHE%20Ossingen%20COA.svg
Canton of Zürich,Otelfingen,http://commons.wikimedia.org/wiki/Special:FilePath/CHE%20Otelfingen%20COA.svg
Canton of Zürich,Ottenbach,http://commons.wikimedia.org/wiki/Special:FilePath/CHE%20Ottenbach%20COA.svg
Canton of Zürich,Pfungen,http://commons.wikimedia.org/wiki/Special:FilePath/CHE%20Pfungen%20COA.svg
Canton of Zürich,Pfäffikon,http://commons.wikimedia.org/wiki/Special:FilePath/CHE%20Pf%C3%A4ffikon%20ZH%20COA.svg
Canton of Zürich,Rafz,http://commons.wikimedia.org/wiki/Special:FilePath/CHE%20Rafz%20COA.svg
Canton of Zürich,Regensberg,http://commons.wikimedia.org/wiki/Special:FilePath/CHE%20Regensberg%20COA.svg
Canton of Zürich,Regensdorf,http://commons.wikimedia.org/wiki/Special:FilePath/CHE%20Regensdorf%20COA.svg
Canton of Zürich,Rheinau,http://commons.wikimedia.org/wiki/Special:FilePath/CHE%20Rheinau%20COA.svg
Canton of Zürich,Richterswil,http://commons.wikimedia.org/wiki/Special:FilePath/CHE%20Richterswil%20COA.svg
Canton of Zürich,Rickenbach,http://commons.wikimedia.org/wiki/Special:FilePath/CHE%20Rickenbach%20COA.svg
Canton of Zürich,Rifferswil,http://commons.wikimedia.org/wiki/Special:FilePath/CHE%20Rifferswil%20COA.svg
Canton of Zürich,Rorbas,http://commons.wikimedia.org/wiki/Special:FilePath/CHE%20Rorbas%20COA.svg
Canton of Zürich,Russikon,http://commons.wikimedia.org/wiki/Special:FilePath/CHE%20Russikon%20COA.svg
Canton of Zürich,Rümlang,http://commons.wikimedia.org/wiki/Special:FilePath/CHE%20R%C3%BCmlang%20COA.svg
Canton of Zürich,Rüschlikon,http://commons.wikimedia.org/wiki/Special:FilePath/CHE%20R%C3%BCschlikon%20COA.svg
Canton of Zürich,Rüti,http://commons.wikimedia.org/wiki/Special:FilePath/CHE%20R%C3%BCti%20ZH%20COA.svg
Canton of Zürich,Schlatt,http://commons.wikimedia.org/wiki/Special:FilePath/CHE%20Schlatt%20COA.svg
Canton of Zürich,Schleinikon,http://commons.wikimedia.org/wiki/Special:FilePath/CHE%20Schleinikon%20COA.svg
Canton of Zürich,Schlieren,http://commons.wikimedia.org/wiki/Special:FilePath/CHE%20Schlieren%20COA.svg
Canton of Zürich,Schwerzenbach,http://commons.wikimedia.org/wiki/Special:FilePath/CHE%20Schwerzenbach%20COA.svg
Canton of Zürich,Schöfflisdorf,http://commons.wikimedia.org/wiki/Special:FilePath/CHE%20Sch%C3%B6fflisdorf%20COA.svg
Canton of Zürich,Seegräben,http://commons.wikimedia.org/wiki/Special:FilePath/CHE%20Seegr%C3%A4ben%20COA.svg
Canton of Zürich,Seuzach,http://commons.wikimedia.org/wiki/Special:FilePath/CHE%20Seuzach%20COA.svg
Canton of Zürich,Stadel bei Niederglatt,http://commons.wikimedia.org/wiki/Special:FilePath/CHE%20Stadel%20COA.svg
Canton of Zürich,Stallikon,http://commons.wikimedia.org/wiki/Special:FilePath/CHE%20Stallikon%20COA.svg
Canton of Zürich,Stammheim,http://commons.wikimedia.org/wiki/Special:FilePath/CHE%20Stammheim%20COA.svg
Canton of Zürich,Steinmaur,http://commons.wikimedia.org/wiki/Special:FilePath/CHE%20Steinmaur%20COA.svg
Canton of Zürich,Stäfa,http://commons.wikimedia.org/wiki/Special:FilePath/CHE%20St%C3%A4fa%20COA.svg
Canton of Zürich,Thalheim an der Thur,http://commons.wikimedia.org/wiki/Special:FilePath/CHE%20Thalheim%20COA.svg
Canton of Zürich,Thalwil,http://commons.wikimedia.org/wiki/Special:FilePath/CHE%20Thalwil%20COA.svg
Canton of Zürich,Truttikon,http://commons.wikimedia.org/wiki/Special:FilePath/CHE%20Truttikon%20COA.svg
Canton of Zürich,Trüllikon,http://commons.wikimedia.org/wiki/Special:FilePath/CHE%20Tr%C3%BCllikon%20COA.svg
Canton of Zürich,Turbenthal,http://commons.wikimedia.org/wiki/Special:FilePath/CHE%20Turbenthal%20COA.svg
Canton of Zürich,Uetikon am See,http://commons.wikimedia.org/wiki/Special:FilePath/CHE%20Uetikon%20COA.svg
Canton of Zürich,Uitikon,http://commons.wikimedia.org/wiki/Special:FilePath/CHE%20Uitikon%20COA.svg
Canton of Zürich,Unterengstringen,http://commons.wikimedia.org/wiki/Special:FilePath/CHE%20Unterengstringen%20COA.svg
Canton of Zürich,Urdorf,http://commons.wikimedia.org/wiki/Special:FilePath/CHE%20Urdorf%20COA.svg
Canton of Zürich,Uster,http://commons.wikimedia.org/wiki/Special:FilePath/CHE%20Uster%20COA.svg
Canton of Zürich,Volken,http://commons.wikimedia.org/wiki/Special:FilePath/CHE%20Volken%20COA.svg
Canton of Zürich,Volketswil,http://commons.wikimedia.org/wiki/Special:FilePath/CHE%20Volketswil%20COA.svg
Canton of Zürich,Wald,http://commons.wikimedia.org/wiki/Special:FilePath/Wald-blazon-modern.svg
Canton of Zürich,Wallisellen,http://commons.wikimedia.org/wiki/Special:FilePath/CHE%20Wallisellen%20COA.svg
Canton of Zürich,Wangen-Brüttisellen,http://commons.wikimedia.org/wiki/Special:FilePath/CHE%20Wangen-Br%C3%BCttisellen%20COA.svg
Canton of Zürich,Wasterkingen,http://commons.wikimedia.org/wiki/Special:FilePath/CHE%20Wasterkingen%20COA.svg
Canton of Zürich,Weiach,http://commons.wikimedia.org/wiki/Special:FilePath/CHE%20Weiach%20COA.svg
Canton of Zürich,Weiningen,http://commons.wikimedia.org/wiki/Special:FilePath/CHE%20Weiningen%20COA.svg
Canton of Zürich,Weisslingen,http://commons.wikimedia.org/wiki/Special:FilePath/CHE%20Weisslingen%20COA.svg
Canton of Zürich,Wettswil am Albis,http://commons.wikimedia.org/wiki/Special:FilePath/CHE%20Wettswil%20am%20Albis%20COA.svg
Canton of Zürich,Wetzikon,http://commons.wikimedia.org/wiki/Special:FilePath/CHE%20Wetzikon%20COA.svg
Canton of Zürich,Wiesendangen,http://commons.wikimedia.org/wiki/Special:FilePath/CHE%20Wiesendangen%20COA.svg
Canton of Zürich,Wil,http://commons.wikimedia.org/wiki/Special:FilePath/CHE%20Wil%20ZH%20COA.svg
Canton of Zürich,Wila,http://commons.wikimedia.org/wiki/Special:FilePath/CHE%20Wila%20COA.svg
Canton of Zürich,Wildberg,http://commons.wikimedia.org/wiki/Special:FilePath/CHE%20Wildberg%20COA.svg
Canton of Zürich,Winkel,http://commons.wikimedia.org/wiki/Special:FilePath/CHE%20Winkel%20COA.svg
Canton of Zürich,Winterthur,http://commons.wikimedia.org/wiki/Special:FilePath/Wappen%20Winterthur.svg
Canton of Zürich,Wädenswil,http://commons.wikimedia.org/wiki/Special:FilePath/CHE%20W%C3%A4denswil%20COA.svg
Canton of Zürich,Zell,http://commons.wikimedia.org/wiki/Special:FilePath/CHE%20Zell%20COA.svg
Canton of Zürich,Zollikon,http://commons.wikimedia.org/wiki/Special:FilePath/CHE%20Zollikon%20COA.svg
Canton of Zürich,Zumikon,http://commons.wikimedia.org/wiki/Special:FilePath/CHE%20Zumikon%20COA.svg
Canton of Zürich,Zurich,http://commons.wikimedia.org/wiki/Special:FilePath/CHE%20Z%C3%BCrich%20ZH%20COA.svg
Canton of the Grisons,Albula/Alvra,http://commons.wikimedia.org/wiki/Special:FilePath/CHE%20Albula-Alvra%20COA.svg
Canton of the Grisons,Andeer,http://commons.wikimedia.org/wiki/Special:FilePath/CHE%20Andeer%20COA.svg
Canton of the Grisons,Arosa,http://commons.wikimedia.org/wiki/Special:FilePath/CHE%20Arosa%20COA.svg
Canton of the Grisons,Avers,http://commons.wikimedia.org/wiki/Special:FilePath/CHE%20Avers%20COA.svg
Canton of the Grisons,Bergün Filisur,http://commons.wikimedia.org/wiki/Special:FilePath/CHE%20Berg%C3%BCn%20Filisur%20COA.svg
Canton of the Grisons,Bever,http://commons.wikimedia.org/wiki/Special:FilePath/CHE%20Bever%20COA.svg
Canton of the Grisons,Bonaduz,http://commons.wikimedia.org/wiki/Special:FilePath/CHE%20Bonaduz%20COA.svg
Canton of the Grisons,Bregaglia,http://commons.wikimedia.org/wiki/Special:FilePath/CHE%20Bregaglia%20COA.svg
Canton of the Grisons,Breil/Brigels,http://commons.wikimedia.org/wiki/Special:FilePath/CHE%20Breil%20Brigels%20COA.svg
Canton of the Grisons,Brusio,http://commons.wikimedia.org/wiki/Special:FilePath/CHE%20Brusio%20COA.svg
Canton of the Grisons,Buseno,http://commons.wikimedia.org/wiki/Special:FilePath/CHE%20Buseno%20COA.svg
Canton of the Grisons,Calanca,http://commons.wikimedia.org/wiki/Special:FilePath/CHE%20Calanca%20GR%20COA.svg
Canton of the Grisons,Cama,http://commons.wikimedia.org/wiki/Special:FilePath/CHE%20Cama%20COA.svg
Canton of the Grisons,Castaneda,http://commons.wikimedia.org/wiki/Special:FilePath/CHE%20Castaneda%20COA.svg
Canton of the Grisons,Cazis,http://commons.wikimedia.org/wiki/Special:FilePath/CHE%20Cazis%20COA.svg
Canton of the Grisons,Celerina/Schlarigna,http://commons.wikimedia.org/wiki/Special:FilePath/CHE%20Celerina-Schlarigna%20COA.svg
Canton of the Grisons,Chur,http://commons.wikimedia.org/wiki/Special:FilePath/CHE%20Chur%20COA.svg
Canton of the Grisons,Churwalden,http://commons.wikimedia.org/wiki/Special:FilePath/CHE%20Churwalden%20COA.svg
Canton of the Grisons,Conters im Prättigau,http://commons.wikimedia.org/wiki/Special:FilePath/CHE%20Conters%20im%20Pr%C3%A4ttigau%20COA.svg
Canton of the Grisons,Davos,http://commons.wikimedia.org/wiki/Special:FilePath/CHE%20Davos%20COA.svg
Canton of the Grisons,Disentis/Mustér,http://commons.wikimedia.org/wiki/Special:FilePath/CHE%20Disentis%20Muster%20COA.svg
Canton of the Grisons,Domat/Ems,http://commons.wikimedia.org/wiki/Special:FilePath/CHE%20Domat-Ems%20COA.svg
Canton of the Grisons,Domleschg,http://commons.wikimedia.org/wiki/Special:FilePath/CHE%20Domleschg%20COA.svg
Canton of the Grisons,Falera,http://commons.wikimedia.org/wiki/Special:FilePath/CHE%20Falera%20COA.svg
Canton of the Grisons,Felsberg,http://commons.wikimedia.org/wiki/Special:FilePath/CHE%20Felsberg%20COA.svg
Canton of the Grisons,Ferrera,http://commons.wikimedia.org/wiki/Special:FilePath/CHE%20Ferrera%20COA.svg
Canton of the Grisons,Fideris,http://commons.wikimedia.org/wiki/Special:FilePath/CHE%20Fideris%20COA.svg
Canton of the Grisons,Flerden,http://commons.wikimedia.org/wiki/Special:FilePath/CHE%20Flerden%20COA.svg
Canton of the Grisons,Flims,http://commons.wikimedia.org/wiki/Special:FilePath/CHE%20Flims%20COA.svg
Canton of the Grisons,Fläsch,http://commons.wikimedia.org/wiki/Special:FilePath/CHE%20Fl%C3%A4sch%20COA.svg
Canton of the Grisons,Furna,http://commons.wikimedia.org/wiki/Special:FilePath/CHE%20Furna%20COA.svg
Canton of the Grisons,Fürstenau,http://commons.wikimedia.org/wiki/Special:FilePath/CHE%20F%C3%BCrstenau%20COA.svg
Canton of the Grisons,Grono,http://commons.wikimedia.org/wiki/Special:FilePath/CHE%20Grono%20COA.svg
Canton of the Grisons,Grüsch,http://commons.wikimedia.org/wiki/Special:FilePath/CHE%20Gr%C3%BCsch%20COA.svg
Canton of the Grisons,Ilanz/Glion,http://commons.wikimedia.org/wiki/Special:FilePath/CHE%20Ilanz-Glion%20COA.svg
Canton of the Grisons,Jenaz,http://commons.wikimedia.org/wiki/Special:FilePath/CHE%20Jenaz%20COA.svg
Canton of the Grisons,Jenins,http://commons.wikimedia.org/wiki/Special:FilePath/CHE%20Jenins%20COA.svg
Canton of the Grisons,Klosters,http://commons.wikimedia.org/wiki/Special:FilePath/CHE%20Klosters-Serneus%20COA.svg
Canton of the Grisons,Küblis,http://commons.wikimedia.org/wiki/Special:FilePath/CHE%20K%C3%BCblis%20COA.svg
Canton of the Grisons,La Punt Chamues-ch,http://commons.wikimedia.org/wiki/Special:FilePath/CHE%20La%20Punt%20Chamues-ch%20COA.svg
Canton of the Grisons,Laax,http://commons.wikimedia.org/wiki/Special:FilePath/CHE%20Laax%20COA.svg
Canton of the Grisons,Landquart,http://commons.wikimedia.org/wiki/Special:FilePath/CHE%20Landquart%20COA.svg
Canton of the Grisons,Lantsch/Lenz,http://commons.wikimedia.org/wiki/Special:FilePath/CHE%20Lantsch-Lenz%20COA.svg
Canton of the Grisons,Lostallo,http://commons.wikimedia.org/wiki/Special:FilePath/CHE%20Lostallo%20COA.svg
Canton of the Grisons,Lumnezia,http://commons.wikimedia.org/wiki/Special:FilePath/CHE%20Lumnezia%20COA.svg
Canton of the Grisons,Luzein,http://commons.wikimedia.org/wiki/Special:FilePath/CHE%20Luzein%20COA.svg
Canton of the Grisons,Madulain,http://commons.wikimedia.org/wiki/Special:FilePath/CHE%20Madulain%20COA.svg
Canton of the Grisons,Maienfeld,http://commons.wikimedia.org/wiki/Special:FilePath/CHE%20Maienfeld%20COA.svg
Canton of the Grisons,Malans,http://commons.wikimedia.org/wiki/Special:FilePath/CHE%20Malans%20COA.svg
Canton of the Grisons,Masein,http://commons.wikimedia.org/wiki/Special:FilePath/CHE%20Masein%20COA.svg
Canton of the Grisons,Medel,http://commons.wikimedia.org/wiki/Special:FilePath/CHE%20Medel%20%28Lucmagn%29%20COA.svg
Canton of the Grisons,Mesocco,http://commons.wikimedia.org/wiki/Special:FilePath/CHE%20Mesocco%20COA.svg
Canton of the Grisons,Mundaun,http://commons.wikimedia.org/wiki/Special:FilePath/COA%20CHE-GR%20Mundaun.png
Canton of the Grisons,Muntogna da Schons,http://commons.wikimedia.org/wiki/Special:FilePath/CHE%20Muntogna%20da%20Schons%20COA.svg
Canton of the Grisons,Obersaxen Mundaun,http://commons.wikimedia.org/wiki/Special:FilePath/CHE%20Obersaxen%20Mundaun%20COA.svg
Canton of the Grisons,Pontresina,http://commons.wikimedia.org/wiki/Special:FilePath/CHE%20Pontresina%20COA.svg
Canton of the Grisons,Poschiavo,http://commons.wikimedia.org/wiki/Special:FilePath/CHE%20Poschiavo%20COA.svg
Canton of the Grisons,Rheinwald,http://commons.wikimedia.org/wiki/Special:FilePath/CHE%20Rheinwald%20COA.svg
Canton of the Grisons,Rhäzüns,http://commons.wikimedia.org/wiki/Special:FilePath/CHE%20Rh%C3%A4z%C3%BCns%20COA.svg
Canton of the Grisons,Rongellen,http://commons.wikimedia.org/wiki/Special:FilePath/CHE%20Rongellen%20COA.svg
Canton of the Grisons,Rossa,http://commons.wikimedia.org/wiki/Special:FilePath/CHE%20Rossa%20COA.svg
Canton of the Grisons,Rothenbrunnen,http://commons.wikimedia.org/wiki/Special:FilePath/CHE%20Rothenbrunnen%20COA.svg
Canton of the Grisons,Roveredo,http://commons.wikimedia.org/wiki/Special:FilePath/CHE%20Roveredo%20COA.svg
Canton of the Grisons,S-chanf,http://commons.wikimedia.org/wiki/Special:FilePath/CHE%20S-chanf%20COA.svg
Canton of the Grisons,Safiental,http://commons.wikimedia.org/wiki/Special:FilePath/CHE%20Safiental%20COA.svg
Canton of the Grisons,Sagogn,http://commons.wikimedia.org/wiki/Special:FilePath/CHE%20Sagogn%20COA.svg
Canton of the Grisons,Samedan,http://commons.wikimedia.org/wiki/Special:FilePath/CHE%20Samedan%20COA.svg
Canton of the Grisons,Samnaun,http://commons.wikimedia.org/wiki/Special:FilePath/CHE%20Samnaun%20COA.svg
Canton of the Grisons,San Vittore,http://commons.wikimedia.org/wiki/Special:FilePath/CHE%20San%20Vittore%20COA.svg
Canton of the Grisons,Santa Maria in Calanca,http://commons.wikimedia.org/wiki/Special:FilePath/CHE%20Santa%20Maria%20in%20Calanca%20COA.svg
Canton of the Grisons,Scharans,http://commons.wikimedia.org/wiki/Special:FilePath/CHE%20Scharans%20COA.svg
Canton of the Grisons,Schiers,http://commons.wikimedia.org/wiki/Special:FilePath/CHE%20Schiers%20COA.svg
Canton of the Grisons,Schluein,http://commons.wikimedia.org/wiki/Special:FilePath/CHE%20Schluein%20COA.svg
Canton of the Grisons,Schmitten,http://commons.wikimedia.org/wiki/Special:FilePath/CHE%20Schmitten%20GR%20COA.svg
Canton of the Grisons,Scuol,http://commons.wikimedia.org/wiki/Special:FilePath/CHE%20Scuol%20COA.svg
Canton of the Grisons,Seewis im Prättigau,http://commons.wikimedia.org/wiki/Special:FilePath/CHE%20Seewis%20im%20Pr%C3%A4ttigau%20COA.svg
Canton of the Grisons,Sils im Domleschg,http://commons.wikimedia.org/wiki/Special:FilePath/CHE%20Sils%20im%20Domleschg%20COA.svg
Canton of the Grisons,Sils im Engadin/Segl,http://commons.wikimedia.org/wiki/Special:FilePath/CHE%20Sils%20im%20Engadin%20Segl%20COA.svg
Canton of the Grisons,Silvaplana,http://commons.wikimedia.org/wiki/Special:FilePath/CHE%20Silvaplana%20COA.svg
Canton of the Grisons,Soazza,http://commons.wikimedia.org/wiki/Special:FilePath/CHE%20Soazza%20COA.svg
Canton of the Grisons,St. Moritz,http://commons.wikimedia.org/wiki/Special:FilePath/CHE%20St%20Moritz%20COA.svg
Canton of the Grisons,Sufers,http://commons.wikimedia.org/wiki/Special:FilePath/CHE%20Sufers%20COA.svg
Canton of the Grisons,Sumvitg,http://commons.wikimedia.org/wiki/Special:FilePath/CHE%20Sumvitg%20COA.svg
Canton of the Grisons,Surses,http://commons.wikimedia.org/wiki/Special:FilePath/CHE%20Surses%20COA.svg
Canton of the Grisons,Tamins,http://commons.wikimedia.org/wiki/Special:FilePath/CHE%20Tamins%20COA.svg
Canton of the Grisons,Thusis,http://commons.wikimedia.org/wiki/Special:FilePath/CHE%20Thusis%20COA.svg
Canton of the Grisons,Trimmis,http://commons.wikimedia.org/wiki/Special:FilePath/CHE%20Trimmis%20COA.svg
Canton of the Grisons,Trin,http://commons.wikimedia.org/wiki/Special:FilePath/CHE%20Trin%20COA.svg
Canton of the Grisons,Trun,http://commons.wikimedia.org/wiki/Special:FilePath/CHE%20Trun%20COA.svg
Canton of the Grisons,Tschappina,http://commons.wikimedia.org/wiki/Special:FilePath/CHE%20Tschappina%20COA.svg
Canton of the Grisons,Tschiertschen-Praden,http://commons.wikimedia.org/wiki/Special:FilePath/CHE%20Tschiertschen-Praden%20COA.svg
Canton of the Grisons,Tujetsch,http://commons.wikimedia.org/wiki/Special:FilePath/CHE%20Tujetsch%20COA.svg
Canton of the Grisons,Untervaz,http://commons.wikimedia.org/wiki/Special:FilePath/CHE%20Untervaz%20COA.svg
Canton of the Grisons,Urmein,http://commons.wikimedia.org/wiki/Special:FilePath/CHE%20Urmein%20COA.svg
Canton of the Grisons,Val Müstair,http://commons.wikimedia.org/wiki/Special:FilePath/CHE%20Val%20M%C3%BCstair%20COA.svg
Canton of the Grisons,Vals,http://commons.wikimedia.org/wiki/Special:FilePath/CHE%20Vals%20COA.svg
Canton of the Grisons,Valsot,http://commons.wikimedia.org/wiki/Special:FilePath/CHE%20Valsot%20COA.svg
Canton of the Grisons,Vaz/Obervaz,http://commons.wikimedia.org/wiki/Special:FilePath/CHE%20Vaz-Obervaz%20COA.svg
Canton of the Grisons,Zernez,http://commons.wikimedia.org/wiki/Special:FilePath/CHE%20Zernez%20COA.svg
Canton of the Grisons,Zillis-Reischen,http://commons.wikimedia.org/wiki/Special:FilePath/CHE%20Zillis-Reischen%20COA.svg
Canton of the Grisons,Zizers,http://commons.wikimedia.org/wiki/Special:FilePath/CHE%20Zizers%20COA.svg
Canton of the Grisons,Zuoz,http://commons.wikimedia.org/wiki/Special:FilePath/CHE%20Zuoz%20COA.svg